AlgaID,LichenID,eamID,ITS_sequence,GenotypeID,TaxonID
W17-T1-L1-A1,W17-T1-L4,W17-4,,,
W17-T1-L1-A2,W17-T1-L4,W17-4,ATTGCAGATTCCGTGAACCATCGAATCTTTGAACGCAAATTGCGCTCGAGGCTTCGGCCAAGAGCATGTCTGCCTCAGCGTCGGCTACTACCCTCAACTAAGTTTCCTATCGTTGATAGGCGATGCCAGTTGGATATAGCCGTCCGGTTTGCCTTTCAGGTTGCCGGTCAGCTGAAATACATTCACGCTCTGGGGGCTGCTTTCCTCGAAAGGCTACTTTCGAGGGGAGGCGAGTTCCGATTTGGTAGGTGACCTTTGCCGGTTGCATGCCTTCGTTGCCCGCTAAGTTTCCCAGTAGTTGTTGTGCAGGACGCCTTTTGGCTTTCGACCTGAGGTCAGGCAAGAACACCCGCTGAACTTAAGCATATCAATAAGCGGAGGAAAAGAAACTAACTAGGATTCCCTTAGTAGCGGCGAGCGAACCA,AG28,
W17-T1-L1-A3,W17-T1-L4,W17-4,,,
W17-T1-L1-A4,W17-T1-L4,W17-4,,,
W17-T10-L1-A1,W17-T10-L1,W17-3,,,
W17-T10-L1-A2,W17-T10-L1,W17-3,,,
W17-T10-L1-A3,W17-T10-L1,W17-3,,,
W17-T10-L1-A4,W17-T10-L1,W17-3,,,
W17-T11-L1-A1,W17-T11-L1,W17-5,GCAGATTCCGTGAACCATCGAATCTTTGAACGCAAATTGCGCTCGAGGCTTCGGCCAAGAGCATGTCTGCCTCAGCGTCGGCTACTACCCTCAACTAAGTTTCATATCGTTGATATGGGATGCCAGTTGGATCTGGCCGTCCGGTTTGCCTTTCAGGTTGCCGGTCAGCTGAAATTCATTCACGCTCTGGGGGCTGCTTTCCTCGAAAGGCTACTTTCGAGGGGAGGCGAGTTCCGATTTGGTAGGTGACCTTTGCCGGTTGCATGCCTTCGTTGCCCGCTAAGTTTCCCAGTAGTTGTTGTGCAGGACGCCTTTTGGCTTTCGACCTGAGGTCAGGCAAGAACACCCGCTGAACTTAAGCATATCAATAAGCGGAGGAAAAGAAACTAACTAGGATTCCCTTAGTAGCGNNNAGCGAACCA,AG24,Trebouxia_decolorans_SW-09b
W17-T11-L1-A2,W17-T11-L1,W17-5,GCAGATTCCGTGAACCATCGAATCTTTGAACGCAAATTGCGCTCGAGGCTTCGGCCAAGAGCATGTCTGCCTCAGCGTCGGCTACTACCCTCAACTAAGTTTCATATCGTTGATATGGGATGCCAGTTGGATCTGGCCGTCCGGTTTGCCTTTCAGGTTGCCGGTCAGCTGAAATTCATTCACGCTCTGGGGGCTGCTTTCCTCGAAAGGCTACTTTCGAGGGGAGGCGAGTTCCGATTTGGTAGGTGACCTTTGCCGGTTGCATGCCTTCGTTGCCCGCTAAGTTTCCCAGTAGTTGTTGTGCAGGACGCCTTTTGGCTTTCGACCTGAGGTCAGGCAAGAACACCCGCTGAACTTAAGCATATCAATAAGCGGAGGAAAAGAAACTAACTAGGATTCCCTTAGTAGCGGCGAGCGAACCA,AG24,Trebouxia_decolorans_SW-09b
W17-T11-L1-A3,W17-T11-L1,W17-5,GCAGAATTCCGTGAACCATCGAATCTTTGAACGCAAATTGCGCTCGAGGCTTCGGCCAAGAGCATGTCTGCCTCAGCGTCGGCTACTACCCTCAACTAAGTTTCATATCGTTGATATGGGATGCCAGTTGGATCTGGCCGTCCGGTTTGCCTTTCAGGTTGCCGGTCAGCTGAAATTCATTCACGCTCTGGGGGCTGCTTTCCTCGAAAGGCTACTTTCGAGGGGAGGCGAGTTCCGATTTGGTAGGTGACCTTTGCCGGTTGCATGCCTTCGTTGCCCGCTAAGTTTCCCAGTAGTTGTTGTGCAGGACGCCTTTTGGCTTTCGACCTGAGGTCAGGCAAGAACACCCGCTGAACTTAAGCATATCAATAAGCGGAGGAAAAGAAACTAACTAGGATTCCCTTAGTAGCGGCGAGCGAACCA,AG24,Trebouxia_decolorans_SW-09b
W17-T11-L1-A4,W17-T11-L1,W17-5,TTGCAAGAATTCCGTGAACCATCGAATCTTTGAACGCAAATTGCGCTCGAGGCTTCGGCCAAGAGCATGTCTGCCTCAGCGTCGGCTACTACCCTCAACTAAGTTTCATATCGTTGATATGGGATGCCAGTTGGATCTGGCCGTCCGGTTTGCCTTTCAGGTTGCCGGTCAGCTGAAATTCATTCACGCTCTGGGGGCTGCTTTCCTCGAAAGGCTACTTTCGAGGGGAGGCGAGTTCCGATTTGGTAGGTGACCTTTGCCGGTTGCATGCCTTCGTTGCCCGCTAAGTTTCCCAGTAGTTGTTGTGCAGGACGCCTTTTGGCTTTCGACCTGAGGTCAGGCAAGAACACCCGCTGAACTTAAGCATATCAATAAGCGGAGGAAAAGAAACTAACTAGGATTCCCTTAGTAGCGGCGAGCGAACCA,AG24,Trebouxia_decolorans_SW-09b
W17-T12-L1-A1,W17-T12-L1,W17-6,,,
W17-T12-L1-A2,W17-T12-L1,W17-6,,,
W17-T12-L1-A3,W17-T12-L1,W17-6,,,
W17-T12-L1-A4,W17-T12-L1,W17-6,,,
W17-T13-L1-A1,W17-T13-L1,W17-7,ATGCAGATTCCGTGACCATCGAATCTTTGAACGCAAATTGCGCTCGAGGCTTCTCCCAAAAGCATGCCTGCCTCAGCGTCGGCTACTACCTCAACTAAGTTTCATATCATTGATATGGGATGCCAGTTGGATCTGGCCGTCCGGTTTGCCTTTCAGGTTGCCGGTCAGCTGAAATTCATTCACGCTCTGGGGGCTGCTTTCCTCGAAAGGATACTTTCGAGGGGAGGCGAGTTCCGATTTGGTAGGTGACCTTTGCCGGTTGCATGCCTTCCTTGCCCGCTAAGTTTCCCAGTACTTGTTGTGCATGACGCCTTTTGGCTTTCGACCTGAGGACAGGCAAAAACACCCGCTGAACTTAAGCATATCAATAAGCGGAGGAAAAGAAACTAACTAGGATTCCCTTAGTAGCAGCGAACCAA,AG4,
W17-T13-L1-A2,W17-T13-L1,W17-7,ATGGCAGATTCCGTGAACCATCGAATCTTTGAACGCAAATTGCGCTCGAGGCTTCGGCCAAGAGCATGTCTGCCTCAGCGTCGGCTACTACCCTCAACTAAGTTTCCTATCGTTGATAGGCGATGCCAGTTGGATATGGCCGTCCGGTTTGCCTTTCAGGTTGCCGGTCAGCTGAAATACATTCACGCTCTGGGGGCTGCTTTCCTCGAAAGGCTACTTTCGAGGGGAGGCGAGTTCCGATTTGGTAGGTGACCTTTGCCGGTTGCATGCCTTCGTTGCCCGCTAAGTTTCCCAGTAGTTGTTGTGCAGGACGCCTTTTGGCTTTCGACCTGAGGTCAGGCAAGAACACCCGCTGAACTTAAGCATATCA-TA-GCGGAGGAAAAGAAACTAACTAGGATTCCCTTAGTAGCGGCGAGCGAACCA,AG30,Trebouxia_decolorans_SW-10b
W17-T13-L1-A3,W17-T13-L1,W17-7,,,
W17-T13-L1-A4,W17-T13-L1,W17-7,,,
W17-T14-L1-A13,W17-T14-L1,W17-8,GTTGAATTCCGTGAACCATCGAATCTTTGAACGCAAATTGCGCTCGAGGCTTCGGCCAAAAGTTTGCCTCAGCGTCGGCTACTACCCTCAACTAAGTTTCATATCGTTGATATGGGATGCCAGTTGGATCTGGCCGTCCGGTTTGCCTTTCAGGTTGCCGGTCAGCTGAAATTCATTCACGCTCTGGGGGCTGCTTTCCTCAAAAGGCTACTTTCGAGGGGAGGCGAGTTCCGATTTGGTAGGTGACCTTTGCCGGTTGCATGCCTTCGTTGCCCGCTAATTTTCCCAGTAGTTGTTGTGCAGGACGCCTTTTGGCTTTCGACCTGAGGTCAAGCCAGAACACCCGCTGAACTTAAGCATATCAATAAGCGGAGGAAAAGAAACTAACTAGGATTCCCTTATTAGCGGCGAGCGAACCAATTT,AG11,
W17-T14-L1-A14,W17-T14-L1,W17-8,,,
W17-T14-L1-A15,W17-T14-L1,W17-8,ATTGCGATTCCGTGTCGAATCTTTGAACGCAAATTGCGCTCGAGGCTTCGGCCAAGAGCATGTCTGCCTCAGCGTCGGCTACTACCCTCAACTAAGTTTCATATCGTTGATATGGGATGCCAGTTGGATCTGGCCGTCCGGTTTGCCTTTCAGGTTGCCGGTCAGCTGAAATTCATTCACGCTCTGGGGGCTGCTTTCCTCGAAAGGCTACTTTCGAGGGGAGGCGAGTTCCGATTTGGTAGGTGACCTTTGCCGGTTGCATGCCTTCGTTGCCCGCTAAGTTTCCCAGTAGTTGTTGTGCAGGACGCCTTTTGGCTTTCGACCTGAGGTCAGGCCAGAACACCCGCTGAACTTAAGCATATCAATAAGCGGAGGAAAAGAAACTAACTAGGATTCCCTTAGTAGCGGCGAGCGAACCAA,AG23,Trebouxia_decolorans_SW-09b
W17-T14-L1-A16,W17-T14-L1,W17-8,AGGGGATGCAGATTCCGTGACCATCGAATCTTTGAACGCAAATTGCGCTCGAGGCTTCGGCCAAAAGATCTGGCTCAGCGTCGGCTACTACCCTCAACTAAGTTTCATATCGTTGATATGGGATGCCAGTTGGATCTGGCCGTCCGGTTTGCCTTTCAGGTTGCCGGTCAGCTGAAATTCATTCACGCTCTGGGGGCTGCTTTCCTCGAAAGGCTACTTTCGAGGGGAGGCGAGTTCCGATTTGGTAGGTGACCTTTGCCGGTTGCATGCCTTCGTTGCCCGCTAAGTTTCCCAGTAGTTGTTGTGCAGGACGCCTTTTGGCTTTCGACCTGAGGTCAGGCAAGAACACCCGCTGAACTTAAGCATATCAATAAGCGGAGGAAAAGAAACTAACTAGGATTCCCTTAGTAGCGGCGAGCGAACCAGCT,AG9,
W17-T15-L4-A1,W17-T15-L4,W17-5,CATCGAATCTTTGAACGCAAATTGCGCTCGAGGCTTCGGCCAAAAGCATGTCTGCCTCAGCGTCGGCTACTACCCTCAACTAAGTTTCATATCGTTGATATGGGATGCCAGTTGGATCTGGCCGTCCGGTTTGCCTTTCAGGTTGCCGGTCAGCTGAAATTCATTCACGCTCTGGGGGCTGCTTTCCTCGAAAGGCTACTTTCGAGGGGAGGCGAGTTCCGATTTGGTAGGTGACCTTTGCCGGTTGCATGCCTTCGTTGCCCGCTAAGTTTCCCAGTAGTTGTTGTGCAGGACGCCTTTTGGCTTTCGACCTGAGGTCAGGCAAGAACACCCGCTGAACTTAAGCATATCAATAAGCGGAGGAAAAGAAACTAACTAGGATTCCCTTAGTAGCGGCGAGCGAACC,AG16,
W17-T15-L4-A2,W17-T15-L4,W17-5,,,
W17-T15-L4-A3,W17-T15-L4,W17-5,TTCCGTGAACCATCGAATCTTTGAACGCAAATTGCGCTCGAGGCTTCGGCCAAAAGCATGTCTGCCTCAGCGTCGGCTACTACCCTCAACTAAGTTTCATATCGTTGATATGGGATGCCAGTTGGATCTGGCCGTCCGGTTTGCCTTTCAGGTTGCCGGTCAGCTGAAATTCATTCACGCTCTGGGGGCTGCTTTCCTCGAAAGGCTACTTTCGAGGGGAGGCGAGTTCCGATTTGGTAGGTGACCTTTGCCGGTTGCATGCCTTCGTTGCCCGCTAAGTTTCCCAGTAGTTGTTGTGCAGGACGCCTTTTGGCTTTCGACCTGAGGTCAGGCAAGAACACCCGCTGAACTTAAGCATATCAATAAGCGGAGGAAAAGAAACTAACTAGGATTCCCTTAGTAGCGGCGAGCGAACC,AG16,
W17-T15-L4-A4,W17-T15-L4,W17-5,,,
W17-T16-L1-A1,W17-T16-L4,W17-6,,,
W17-T16-L1-A2,W17-T16-L4,W17-6,,,
W17-T16-L1-A3,W17-T16-L4,W17-6,,,
W17-T16-L1-A4,W17-T16-L4,W17-6,,,
W17-T17-L4-A1,W17-T17-L4,W17-7,TTCCGTGAATCATCGAATCTTTGAACGCACCTTGCGCCTTTTGGTATTCCGAAAGGCATGCATGTTTGAGTGTCATGAAACATCAATCCCCTCGGGTTTCCGATCGGACTTGGACCTGGGCGTTGCCGTACCGGCTCGCCTCAAATGTGTCAGTGGGAACAGCAGCCCGTGCCCGACGTAATAAGTTTCGGCTGGCCGGATGTGAGGCCCGCTCCTAACCACCCATCTTTCATCTCTGACCTCAAATCAGGTAGGACTACCCGCTGAACTTAAGCATATCAATAAGCGGAGGAAAAGAAACTAACAAGGATTCCCCTACTACCGGCGAGCGAACCAAAACACCCGCTGAACTTAAGCATATCAATAAGCGGAGGAAAAGAAACTAACTAGGATTCCCTTAGTAGCG,AG1,
W17-T17-L4-A2,W17-T17-L4,W17-7,GTGATTGCAGATTCAGTGAATCATCGAATCTTTGAACGCACCTTGCGCCTTTTGGTATTCCGAAAGGCATGCCTGTTTGAGTGTCATGAAACATCAATCCCCTCGGGTTTCCGATCGGACTTGGACCTGGGCGTTGCCGTACCGGCTCGCCTCAAATGTGTCAGTGGGAACAGCAGCCCGTGCCCGACGTAATAAGTTTCGTCTGGCCGGATGTGAGGCCCGCTCCCAACCACCCATCTTTCATCTCTGACCTCAAATCAGGTAGGACTACCCGCTGAACTTAAGCATATCAATAAGCGGAGGAAAAGAAACTAACAAGGATTCCCCTAGTAGCGGCGAGCGAACCAAAACACCCGCTGATCTTAAGCTTATCCCTAAGCGGAGGAAAAGAAACTAACTAGGATTCCCTTATTAGCGGCGAGCGAACCAAACCGGCTTTCCATTGTAAA,AG2,
W17-T17-L4-A3,W17-T17-L4,W17-7,,,
W17-T17-L4-A4,W17-T17-L4,W17-7,TGTGATTGCAGATTCAGTGAATCATCGAATCTTTGAACGCACCTTGCGCCTTTTGGTATTCCGAAAGGCATGCCTGTTTGAGTGTCATGAAACATCAATCCCCTCGGGTTTCCGATCGGACTTGGACCTGGGCGTTGCCGTACCGGCTCGCCTCAAATGTGTCAGTGGGAACAGCAGCCCGTGCCCGACGTAATAAGTTTCGTCTGGCCGGATGTGAGGCCCGCTCCCAACCACCCATCTTTCATCTCTGACCTCAAATCAGGTAGGACTACCCGCTGAACTTAAGCATATCAATAAGCGGAGGAAAAGAAACTAACAAGGATTCCCCTAGTAGCGGCGAGCGAACCC,AG2,
W17-T18-L1-A1,W17-T18-L1,W17-3,#NAME?,AG31,Trebouxia_decolorans_SW-10b
W17-T18-L1-A2,W17-T18-L1,W17-3,GATGCAGATTCCGTGAACCATCGAATCTTTGAACGCAAATTGCGCTCGAGGCTTCGGCCAAGAGCATGTCTGCCTCAGCGTCGGCTACTACCCTCAACTAAGTTTCCTATCGTTGATAGGCGATGCCAGTTGGATATGGCCGTCCGGTTTGCCTTTCAGGTTGCCGGTCAGCTGAAATACATTCACGCTCTGGGGGCTGCTTTCCTCGAAAGGCTACTTTCGAGGGGAGGCGAGTTCCGATTTGGTAGGTGACCTTTGCCGGTTGCATGCCTTCGTTGCCCGCTAAGTTTCCCAGTAGTTGTTGTGCAGGACGCCTTTTGGCTTTCGACCTGAGGTCAGGCAAGAACACCCGCTGAACTTAAGCATATCAATAAGCGGAGGAAAAGAAACTAACTAGGATTCCCTTAGTAGCGGGAAACCGAACCA,AG31,Trebouxia_decolorans_SW-10b
W17-T18-L1-A3,W17-T18-L1,W17-3,ATTGCAGATTCCGTGAACCATCGAATCTTTGAACGCAAATTGCGCTCGAGGCTTCGGCCAA-AGCATGTCTGCCTCAGCGTCGGCTACTACCCTCAACTAAGTTTCCTATCGTTGATAGGCGATGCCAGTTGGATATGGCCGTCCGGTTTGCCTTTCAGGTTGCCGGTCAGCTGAAATACATTCACGCTCTGGGGGCTGCTTTCCTCGAAAGGCTACTTTCGAGGGGAGGCGAGTTCCGATTTGGTAGGTGACCTTTGCCGGTTGCATGCCTTCGTTGCCCGCTAAGTTTCCCAGTAGTTGTTGTGCAGGACGCCTTTTGGCTTTCGACCTGAGGTCAGGCAAGAACACCCGCTGAACTTAAGCATATCAATAAGCGGAGGAAAAGAAACTAACTAGGATTCCCTTAGTAGCGGCGAGCGAACCA-,AG6,
W17-T18-L1-A4,W17-T18-L1,W17-3,ATTGCAGATTCCGTGAACCATCGAATCTTTGAACGCAAATTGCGCTCGAGGCTTCGGCCAAGAGCATGTCTGCCTCAGCGTCGGCTACTACCCTCAACTAAGTTTCCTATCGTTGATAGGCGATGCCAGTTGGATATGGCCGTCCGGTTTGCCTTTCAGGTTGCCGGTCAGCTGAAATACATTCACGCTCTGGGGGCTGCTTTCCTCGAAAGGCTACTTTCGAGGGGAGGCGAGTTCCGATTTGGTAGGTGACCTTTGCCGGTTGCATGCCTTCGTTGCCCGCTAAGTTTCCCAGTAGTTGTTGTGCAGGACGCCTTTTGGCTTTCGACCTGAGGTCAGGCAAGAACACCCGCTGAACTTAAGCATATCAATAAGCGGAGGAAAAGAAACTAACTAGGATTCCCTTAGTAGCGGCGAAGCGAACCA,AG31,Trebouxia_decolorans_SW-10b
W17-T19-L4-A1,W17-T19-L4,W17-4,ATTCCGTGAACCATCGAATCTTTGAACGCAAATTGCGCTCGAGGCTTCGGCCAAGAGCATGTCTGCCTCAGCGTCGGCTACTACCCTCAACTAAGTTTCCTATCGTTGATAGGCGATGCCAGTTGGATATGGCCGTCCGGTTTGCCTTTCAGGTTGCCGGTCAGCTGAAATACATTCACGCTCTGGGGGCTGCTTTCCTCGAAAGGCTACTTTCGAGGGGAGGCGAGTTCCGATTTGGTAGGTGACCTTTGCCGGTTGCATGCCTTCGTTGCCCGCTAAGTTTCCCAGTAGTTGTTGTGCAGGACGCCTTTTGGCTTTCGACCTGAGGTCAGGCAAGAACACCCGCTGAACTTAAGCATATCAATAAGCGGAGGAAAAGAAACTAACTAGGATTCCCTTAGTAGCGGCGAGCGAACCA,AG31,Trebouxia_decolorans_SW-10b
W17-T19-L4-A2,W17-T19-L4,W17-4,,,
W17-T19-L4-A3,W17-T19-L4,W17-4,GTGATTGCAGATTCCGTGAACCATCGAATCTTTGAACGCAAATTGCGCTCGAGGCTTCGGCCAAAAGCATGTCTGCCTCAGCGTCGGCTACTACCCTCAACTAAGTTTCCTATCGTTGATAGGCGATGCCAGTTGGATATGGCCGTCCGGTTTGCCTTTCAGGTTGCCGGTCAGCTGAAATACATTCACGCTCTGGGGGCTGCTTTCCTCGAAAGGCTACTTTCGAGGGGAGGCGAGTTCCGATTTGGTAGGTGACCTTTGCCGGTTGCATGCCTTCGTTGCCCGCTAAGTTTCCCAGTAGTTGTTGTGCAGGACGCCTTTTGGCTTTCGACCTGAGGTCAGGCAAGAACACCCGCTGAACTTAAGCATATCAATAAGCGGAGGAAAAGAAACTAACTAGGATTCCCTTAGTAGCGGCGAGCGAACCA,AG14,
W17-T19-L4-A4,W17-T19-L4,W17-4,GCAGATTCCGTGAACCATCGAATCTTTGAACGCAAATTGCGCTCGAGGCTTCGGCCAAGAGCATGTCTGCCTCAGCGTCGGCTACTACCCTCAACTAAGTTTCCTATCGTTGATAGGCGATGCCAGTTGGATATGGCCGTCCGGTTTGCCTTTCAGGTTGCCGGTCAGCTGAAATACATTCACGCTCTGGGGGCTGCTTTCCTCGAAAGGCTACTTTCGAGGGGAGGCGAGTTCCGATTTGGTAGGTGACCTTTGCCGGTTGCATGCCTTCGTTGCCCGCTAAGTTTCCCAGTAGTTGTTGTGCAGGACGCCTTTTGGCTTTCGACCTGAGGTCAGGCAAGAACACCCGCTGAACTTAAGCATATCAATAAGCGGAGGAAAAGAAACTAACTAGGATTCCCTTAGTAGCGGCGAGCGAAC,AG31,Trebouxia_decolorans_SW-10b
W17-T2-L1-A1,W17-T2-L1,W17-1,,,
W17-T2-L1-A2,W17-T2-L1,W17-1,,,
W17-T2-L1-A3,W17-T2-L1,W17-1,,,
W17-T2-L1-A4,W17-T2-L1,W17-1,,,
W17-T20-L1-A1,W17-T20-L1,W17-5,GCAGATTCCGTGAACCATCGAATCTTTGAACGCAAATTGCGCTCGAGGCTTCGGCCAAGAGCATGTCTGCCTCAGCGTCGGCTACTACCCTCAACTAAGTTTCCTATCGTTGATAGGCGATGCCAGTTGGATATGGCCGTCCGGTTTGCCTTTCAGGTTGCCGGTCAGCTGAAATACATTCACGCTCTGGGGGCTGCTTTCCTCGAAAGGCTACTTTCGAGGGGAGGCGAGTTCCGATTTGGTAGGTGACCTTTGCCGGTTGCATGCCTTCGTTGCCCGCTAAGTTTCCCAGTAGTTGTTGTGCAGGACGCCTTTTGGCTTTCGACCTGAGGTCAGGCAAGAACACCCGCTGAACTTAAGCATATCAATAAGCGGAGGAAAAGAAACTAACTAGGATTCCCTTAGTAGCGGCGAGCGAACCA,AG31,Trebouxia_decolorans_SW-10b
W17-T20-L1-A2,W17-T20-L1,W17-5,TTGCAGAATTCCGTGAACCATCGAATCTTTGAACGCAAATTGCGCTCGAGGCTTCGGCCAAGAGCATGTCTGCCTCAGCGTCGGCTACTACCCTCAACTAAGTTTCCTATCGTTGATAGGCGATGCCAGTTGGATATGGCCGTCCGGTTTGCCTTTCAGGTTGCCGGTCAGCTGAAATACATTCACGCTCTGGGGGCTGCTTTCCTCGAAAGGCTACTTTCGAGGGGAGGCGAGTTCCGATTTGGTAGGTGACCTTTGCCGGTTGCATGCCTTCGTTGCCCGCTAAGTTTCCCAGTAGTTGTTGTGCAGGACGCCTTTTGGCTTTCGACCTGAGGTCAGGCAAGAACACCCGCTGAACTTAAGCATATCAATAAGCGGAGGAAAAGAAACTAACTAGGATTCCCTTAGTAGCGGCGAGCGAACC,AG31,Trebouxia_decolorans_SW-10b
W17-T20-L1-A3,W17-T20-L1,W17-5,,,
W17-T20-L1-A4,W17-T20-L1,W17-5,,,
W17-T21-L1-A1,W17-T21-L1,W17-1,,,
W17-T21-L1-A2,W17-T21-L1,W17-1,,,
W17-T21-L1-A3,W17-T21-L1,W17-1,,,
W17-T21-L1-A4,W17-T21-L1,W17-1,,,
W17-T22-L1-A1,W17-T22-L1,W17-2,,,
W17-T22-L1-A2,W17-T22-L1,W17-2,TTGCAGATTCCGTGAACCATCGAATCTTTGAACGCAAATTGCGCTCGAGGCTTCGGCCAAGAGCATGTCTGCCTCAGCGTCGGCTACTACCCTCAACCAAGTTTCCTATCGTTGATAGGGGATGCCAGTTGGATATGGCCGTCCGGTTTGCCTTTCAGGTTGCCGGTCAGCTGAAATACATTCACGCTCTGGGGGCTGCTTTCCTCGAAAGGCTACTTTCGAGGGGAGGCGAGTTCCGATTTGGTAGGTGACCTTTGCCGGTTGCATGCCTTCGTTGCCCGCTAAGTTTCCCAGTAGTTGTTGTGCAGGACGCCTTTTGGCTTTCGACCTGAGGTCAGGCAAGAACACCCGCTGAACTTAAGCATATCAATAAGCGGAGGAAAAGAAACTAACTAGGATTCCCTTAGTAGCGGCGAGCGAAC,AG34,
W17-T22-L1-A3,W17-T22-L1,W17-2,,,
W17-T22-L1-A4,W17-T22-L1,W17-2,,,
W17-T23-L1-A1,W17-T23-L1,W17-4,GCAGATTCCGTGAACCATCGAATCTTTGAACGCAAATTGCGCTCGAGGCTTCGGCCAAGAGCATGTCTGCCTCAGCGTCGGCTACTACCCTCAACTAAGTTTCCTATCGTTGATAGGGGATGCCAGTTGGATATGGCCGTCCGGTTTGCCTTTCAGGTTGCCGGTCAGCTGAAATACATTCACGCTCTGGGGGCTGCTTTCCTCGAAAGGCTACTTTCGAGGGGAGGCGAGTTCCGATTTGGTAGGTGACCTTTGCCGGTTGCATGCCTTCGTTGCCCGCTAAGTTTTCCAGTAGTTGTTGTGCAGGACGCCTTTTGGCTTTCGACCTGAGGTCAGGCAAGAACACCCGCTGAACTTAAGCATATCAATAAGCGGAGGAAAAGAAACTAACTAGGATTCCCTTAGTAGCGGCGAGCGAACCA,AG27,
W17-T23-L1-A2,W17-T23-L1,W17-4,GCAGATTCCGTGAACCATCGAATCTTTGAACGCAAATTGCGCTCGAGGCTTCGGCCAAGAGCATGTCTGCCTCAGCGTCGGCTACTACCCTCAACTAAGTTTCCTATCGTTGATAGGGGATGCCAGTTGGATATGGCCGTCCGGTTTGCCTTTCAGGTTGCCGGTCAGCTGAAATACATTCACGCTCTGGGGGCTGCTTTCCTCGAAAGGCTACTTTCGAGGGGAGGCGAGTTCCGATTTGGTAGGTGACCTTTGCCGGTTGCATGCCTTCGTTGCCCGCTAAGTTTTCCAGTAGTTGTTGTGCAGGACGCCTTTTGGCTTTCGACCTGAGGTCAGGCAAGAACACCCGCTGAACTTAAGCATATCAATAAGCGGAGGAAAAGAAACTAACTAGGATTCCCTTAGTAGCGGCGAGCGAAC,AG27,
W17-T23-L1-A3,W17-T23-L1,W17-4,AATTCCGTGAACCATCGAATCTTTGAACGCAAATTGCGCTCGAGGCTTCGGCCAAGAGCATGTCTGCCTCAGCGTCGGCTACTACCCTCAACTAAGTTTCCTATCGTTGATAGGGGATGCCAGTTGGATATGGCCGTCCGGTTTGCCTTTCAGGTTGCCGGTCAGCTGAAATACATTCACGCTCTGGGGGCTGCTTTCCTCGAAAGGCTACTTTCGAGGGGAGGCGAGTTCCGATTTGGTAGGTGACCTTTGCCGGTTGCATGCCTTCGTTGCCCGCTAAGTTTCCCAGTAGTTGTTGTGCAGGACGCCTTTTGGCTTTCGACCTGAGGTCAGGCAAGAACACCCGCTGAACTTAAGCATATCAATAAGCGGAGGAAAAGAAACTAACTAGGATTCCCTTAGTAGCGGCGAGCGAAC,AG26,Trebouxia_decolorans_SW-12a_SW-19a_SW-47a_SW-38b_SW-08c
W17-T23-L1-A4,W17-T23-L1,W17-4,,,
W17-T24-L1-A1,W17-T24-L4,W17-1,,,
W17-T24-L1-A2,W17-T24-L4,W17-1,,,
W17-T24-L1-A3,W17-T24-L4,W17-1,,,
W17-T24-L1-A4,W17-T24-L4,W17-1,,,
W17-T25-L4-A1,W17-T25-L4,W17-2,,,
W17-T25-L4-A2,W17-T25-L4,W17-2,TGCAGATTCCGTGAACCATCGAATCTTTGAACGCAAATTGCGCTCGAGGCTTCGGCCAAGAGCATGTCTGCCTCAGCGTCGGCTACTACCCTCAACTAAGTTTCCTATCGTTGATAGGCGATGCCAGTTGGATATGGCCGTCCGGTTTGCCTTTCAGGTTGCCGGTCAGCTGAAATACATTCACACTCTGGGGGCTGCTTTCCTCGAAAGGCTACTTTCGAGGGGAGGCGAGTTCCGATTTGGTAGGTGACCTTTGCCGGTTGCATGCCTTCGTTGCCCGCTAAGTTTCCCAGTAGTTGTTGTGCAGGACGCCTTTTGGCTTTCGACCTGAGGTCAGGCAAGAACACCCGCTGAACTTAAGCATATCAATAAGCGGAGGAAAAGAAACTAACTAGGATTCCCTTAGTAGCGGCGAGCGAACCA,AG29,
W17-T25-L4-A3,W17-T25-L4,W17-2,,,
W17-T25-L4-A4,W17-T25-L4,W17-2,TTCCGTGACCATCGAATCTTTGAACGCAAATTGCGCTCGAGGCTTCGGCCAAGAGCATGTCTGCCTCAGCGTCGGCTACTACCCTCAACTAAGTTTCCTATCAATCATAGGGGATGCCAGTTGGATCTGGCCGTCCGGTTTGCCTGTCAGGTTGCCGGTCAGCTGAAATACATTCACGCTCTGGGGGCTGCTTTCCTCGAAAGGCTACTTTCGAGGGGAGGTGAGTTCCGACTTGGTAGGTGACCTTTGCCGGTTGCATGCCTTCGTTGCCCACTAAGCTTCCCAGTAGTCGTTGTGCAGGACGCCTTTTGGCTTTCGACCTGAGGTCAGGCAAGAACACCCGCTGAACTTAAGCATATCAATAAGCGGAGGAAAAGAAACTAACTAGGATTCCCTTAGTAGCG,AG25,Trebouxia_decolorans_SW-45a_SW-16b
W17-T26-L4-A1,W17-T26-L4,W17-5,ANCATCGAATCTTTGAACGCAAATTGCGCTCGAGGCTTCGGCCAAGAGCATGTCTGCCTCAGCGTCGGCTACTACCCTCAACTAAGTTTCATATCGTTGATATGGGATGCCAGTTGGATCTGGCCGTCCGGTTTGCCTTTCAGGTTGCCGGTCAGCTGAAATTCATTCACGCTCTGGGGGCTGCTTTCCTCGAAAGGCTACTTTCGAGGGGAGGCGAGTTCCGATTTGGTAGGTGACCTTTGCCGGTTGCATGCCTTCGTTGCCCGCTAAGTTTCCCAGTAGTTGTTGTGCAGGACGCCTTTTGGCTTTCGACCTGAGGTCAGGCAAGAACACCCGCTGAACTTAAGCATATCAATAAGCGGAGGAAAAGAAACTAACTAGGATTCCCTTAGTAGCGGCGAGCGAACCA,AG24,Trebouxia_decolorans_SW-09b
W17-T26-L4-A2,W17-T26-L4,W17-5,TTGAACGCAAATTGCGCTCGAGGCTTCGGCCAAGAGCATGACTGCCTCAGCGTCGGCTACTACCCTCAACTAAGTTTCATATCGTTGATATGGGATGCCAGTTGGATCTGGCCGTCCGGTTTGCCTTTCAGGTTGCCGGTCAGCTGAAATTCATTCACGCTCTGGGGGCTGCTTTCCTCGAAAGGCTACTTTCGAGGGGAGGCGAGTTCCGATTTGGTAGGTGACCTTTGCCGGTTGCATGCCTTCGTTGCCCGCTAAGTTTCCCAGTAGTTGTTGTGCAGGACGCCTTTTGGCTTTCGACCTGAGGTCAGGCAAGAACACCCGCTGAACTTAAGCATATCAATAAGCGGAGGAAAAGAAACTAACTAGGATTCCCTTAGTAGCGGCGAGCGAACC,AG17,
W17-T26-L4-A3,W17-T26-L4,W17-5,,,
W17-T26-L4-A4,W17-T26-L4,W17-5,ACCATCGAATCTTTGAACGCAAATTGCGCTCGAGGCTTCGGCCAAAAGCATGTCTGCCTCAGCGTCGGCTACTACCCTCAACTAAGTTTCATATCGTTGATATGGGATGCCAGTTGGATCTGGCCGTCCGGTTTGCCTTTCAGGTTGCCGGTCAGCTGAAATTCATTCACGCTCTGGGGGCTGCTTTCCTCGAAAGGCTACTTTCGAGGGGAGGCGAGTTCCGATTTGGTAGGTGACCTTTGCCGGTTGCATGCCTTCGTTGCCCGCTAAGTTTCCCAGTAGTTGTTGTGCAGGACGCCTTTTGGCTTTCGACCTGAGGTCAGGCAAGAACACCCGCTGAACTTAAGCATATCAATAAGCGGAGGAAAAGAAACTAACTAGGATTCCCTTAGTAGCGGCGAGCGAACCA,AG16,
W17-T27-L1-A1,W17-T27-L4,W17-6,,,
W17-T27-L1-A2,W17-T27-L4,W17-6,,,
W17-T27-L1-A3,W17-T27-L4,W17-6,GGGNANtTNNAgAATTCCGTGAtCCATCGAATCTTTGAACGCAAATTGCGCTCGAGGCTTCGGCCAAAAaNTGCATGCCTCAGCGTCGGCTACTACCCTCAACTAAGTTTCCTATaaTTCATATGGGATGCCAGTTGGATCTGGCCGTCCGGTTTGCCTGTCAGGTTGCCGGTCAGCTGAAATACATTCACGCTCTGGGGGCTGCTTTCCTCATGAGGCTACTTTCGAGGGGAGGTGAGTTCCGACTTGGTAGGTGACCTTTGCCGGTTGCcTGCCTTCATTGCCCACTAAGCTTCCCAGTAATCATTGTGCAGGACGCCTTTTGGCTTTCGACCTGAGGTCAGGCCAGAACACCCGCTGAACTTAAGCATATCAATAAGCGGAGGAAAAGAAACTAACTAGGATTCCCTTAGTAGCGGCGAGCGAACCATTTT,AG24,Trebouxia_decolorans_SW-09b
W17-T27-L1-A4,W17-T27-L4,W17-6,ATTGCAgATTCCGTGAtCCATCGAATCTTTGAACGCAAATTGCGCTCGAGGCTTCGGCCAAAAGCATGTCTGCCTCAGCGTCGGCTACTACCCTCAACTAAGTTTCATATCGTTGATATGGGATGCCAGTTGGATCTGGCCGTCCGGTTTGCCTTTCAGGTTGCCGGTCAGCTGAAATTCATTCACGCTCTGGGGGCTGCTTTCCTCGAAAGGCTACTTTCGAGGGGAGGCGAGTTCCGATTTGGTAGGTGACCTTTGCCGGTTGCATGCCTTCGTTGCCCGCTAAGTTTCCCAGTAGTTGTTGTGCAGGACGCCTTTTGGCTTTCGACCTGAGGTCAGGCAAGAACACCCGCTGAACTTAAGCATATCAATAAGCGGAGGAAAAGAAACTAACTAGGATTCCCTTAGTAGCGGCGAGCGAACCAANATT,AG16,
W17-T29-L1-A1,W17-T29-L1,W17-7,TGATTGCAGATTCCGTGAACCATCGAATCTTTGAACGCAAATTGCGCTCGAGGCTTCGGCCAAGAGCATGTCTGCCTCAGCGTCGGCTACTACCCTCAACTAAGTTTCATATCGTTGATATGGGATGCCAGTTGGATCTGGCCGTCCGGTTTGCCTTTCAGGTTGCCGGTCAGCTGAAATTCATTCACGCTCTGGGGGCTGCTTTCCTCGAAAGGCTACTTTCGAGGGGAGGCGAGTTCCGATTTGGTAGGTGACCTTTGCCGGTTGCATGCCTTCGTTGCCCGCTAAGTTTCCCAGTAGTTGTTGTGCAGGACGCCTTTTGGCTTTCGACCTGAGGTCAGGCAAGAACACCCGCTGAACTTAAGCATATCAATAAGCGGAGGAAAAGAAACTAACTAGGATTCCCTTAGTAGCGGGAAACCGGAACCA,AG24,Trebouxia_decolorans_SW-09b
W17-T29-L1-A2,W17-T29-L1,W17-7,TGATTGCAGATTCCGTGAACCATCGAATCTTTGAACGCAAATTGCGCTCGAGGCTTCGGCCAAGAGCATGTCTGCCTCAGCGTCGGCTACTACCCTCAACTAAGTTTCATATCGTTGATATGGGATGCCAGTTGGATCTGGCCGTCCGGTTTGCCTTTCAGGTTGCCGGTCAGCTGAAATTCATTCACGCTCTGGGGGCTGCTTTCCTCGAAAGGCTACTTTCGAGGGGAGGCGAGTTCCGATTTGGTAGGTGACCTTTGCCGGTTGCATGCCTTCGTTGCCCGCTAAGTTTCCCAGTAGTTGTTGTGCAGGACGCCTTTTGGCTTTCGACCTGAGGTCAGGCAAGAACACCCGCTGAACTTAAGCATATCAATAAGCGGAGGAAAAGAAACTAACTAGGATTCCCTTAGTAGCGGGAAAGCGAACCA,AG24,Trebouxia_decolorans_SW-09b
W17-T29-L1-A3,W17-T29-L1,W17-7,TGATTGCAGATTCCGTGAACCATCGAATCTTTGAACGCAAATTGCGCTCGAGGCTTCGGCCAAGAGCATGTCTGCCTCAGCGTCGGCTACTACCCTCAACTAAGTTTCATATCGTTGATATGGGATGCCAGTTGGATCTGGCCGTCCGGTTTGCCTTTCAGGTTGCCGGTCAGCTGAAATTCATTCACGCTCTGGGGGCTGCTTTCCTCGAAAGGCTACTTTCGAGGGGAGGCGAGTTCCGATTTGGTAGGTGACCTTTGCCGGTTGCATGCCTTCGTTGCCCGCTAAGTTTCCCAGTAGTTGTTGTGCAGGACGCCTTTTGGCTTTCGACCTGAGGTCAGGCAAGAACACCCGCTGAACTTAAGCATATCAATAAGCGGAGGAAAAGAAACTAACTAGGATTCCCTTAGTAGCGGGAAAGCGAACCA,AG24,Trebouxia_decolorans_SW-09b
W17-T29-L1-A4,W17-T29-L1,W17-7,GATTGCAGATTCCGTGAACCATCGAATCTTTGAACGCAAATTGCGCTCGAGGCTTCGGCCAAGAGCATGTCTGCCTCAGCGTCGGCTACTACCCTCAACTAAGTTTCATATCGTTGATATGGGATGCCAGTTGGATCTGGCCGTCCGGTTTGCCTTTCAGGTTGCCGGTCAGCTGAAATTCATTCACGCTCTGGGGGCTGCTTTCCTCGAAAGGCTACTTTCGAGGGGAGGCGAGTTCCGATTTGGTAGGTGACCTTTGCCGGTTGCATGCCTTCGTTGCCCGCTAAGTTTCCCAGTAGTTGTTGTGCAGGACGCCTTTTGGCTTTCGACCTGAGGTCAGGCAAGAACACCCGCTGAACTTAAGCATATCAATAAGCGGAGGAAAAGAAACTAACTAGGATTCCCTTAGTAGCGGCAAAGCGAACCA,AG24,Trebouxia_decolorans_SW-09b
W17-T3-L1-A1,W17-T3-L1,W17-5,,,
W17-T3-L1-A2,W17-T3-L1,W17-5,,,
W17-T3-L1-A3,W17-T3-L1,W17-5,,,
W17-T3-L1-A4,W17-T3-L1,W17-5,,,
W17-T30-L1-A17,W17-T30-L1,W17-8,AGATTGCAGATTCCGTGAACCATCGAATCTTTGAACGCAAATTGCGCTCGAGGCTTCGGCCAAGAGCATGTCTGCCTCAGCGTCGGCTACTACCCTCAACTAAGTTTCATATCGTTGATATGGGATGCCAGTTGGATCTGGCCGTCCGGTTTGCCTTTCAGGTTGCCGGTCAGCTGAAATTCATTCACGCTCTGGGGGCTGCTTTCCTCGAAAGGCTACTTTCGAGGGGAGGCGAGTTCCGATTTGGTAGGTGACCTTTGCCGGTTGCATGCCTTCGTTGCCCGCTAAGTTTCCCAGTAGTTGTTGTGCAGGACGCCTTTTGGCTTTCGACCTGAGGTCAGGCAAGAACACCCGCTGAACTTAAGCATATCAATAAGCGGAGGAAAAGAAACTAACTAGGATTCCCTTAGTAGCGGAAAGCGAACCA,AG24,Trebouxia_decolorans_SW-09b
W17-T30-L1-A18,W17-T30-L1,W17-8,GATTGCAGATTCCGTGAACCATCGAATCTTTGAACGCAAATTGCGCTCGAGGCTTCGGCCAAGAGCATGTCTGCCTCAGCGTCGGCTACTACCCTCAACTAAGTTTCATATCGTTGATATGGGATGCCAGTTGGATCTGGCCGTCCGGTTTGCCTTTCAGGTTGCCGGTCAGCTGAAATTCATTCACGCTCTGGGGGCTGCTTTCCTCGAAAGGCTACTTTCGAGGGGAGGCGAGTTCCGATTTGGTAGGTGACCTTTGCCGGTTGCATGCCTTCGTTGCCCGCTAAGTTTCCCAGTAGTTGTTGTGCAGGACGCCTTTTGGCTTTCGACCTGAGGTCAGGCAAGAACACCCGCTGAACTTAAGCATATCAATAAGCGGAGGAAAAGAAACTAACTAGGATTCCCTTAGTAGCGGGAAAAGCGAACCA,AG24,Trebouxia_decolorans_SW-09b
W17-T30-L1-A19,W17-T30-L1,W17-8,GATTGCAGATTCCGTGAACCATCGAATCTTTGAACGCAAATTGCGCTCGAGGCTTCGGCCAAGAGCATGTCTGCCTCAGCGTCGGCTACTACCCTCAACTAAGTTTCATATCGTTGATATGGGATGCCAGTTGGATCTGGCCGTCCGGTTTGCCTTTCAGGTTGCCGGTCAGCTGAAATTCATTCACGCTCTGGGGGCTGCTTTCCTCGAAAGGCTACTTTCGAGGGGAGGCGAGTTCCGATTTGGTAGGTGACCTTTGCCGGTTGCATGCCTTCGTTGCCCGCTAAGTTTCCCAGTAGTTGTTGTGCAGGACGCCTTTTGGCTTTCGACCTGAGGTCAGGCAAGAACACCCGCTGAACTTAAGCATATCAATAAGCGGAGGAAAAGAAACTAACTAGGATTCCCTTAGTAGCGGCGAGCGAACCA,AG24,Trebouxia_decolorans_SW-09b
W17-T30-L1-A20,W17-T30-L1,W17-8,AGATGCAGATTCCGTGAACCATCGAATCTTTGAACGCAAATTGCGCTCGAGGCTTCGGCCAAAAGCATGTCTGCCTCAGCGTCGGCTACTACCCTCAACTAAGTTTCATATCGTTGATATGGGATGCCAGTTGGATCTGGCCGTCCGGTTTGCCTTTCAGGTTGCCGGTCAGCTGAAATTCATTCACGCTCTGGGGGCTGCTTTCCTCGAAAGGCTACTTTCGAGGGGAGGCGAGTTCCGATTTGGTAGGTGACCTTTGCCGGTTGCATGCCTTCGTTGCCCGCTAAGTTTCCCAGTAGTTGTTGTGCAGGACGCCTTTTGGCTTTCGACCTGAGGTCAGGCAAGAACACCCGCTGAACTTAAGCATATCAATAAGCGGAGGAAAAGAAACTAACTAGGATTCCCTTAGTAGCGGGAGCGAACCA,AG16,
W17-T31-L1-A1,W17-T31-L1,W17-3,ATTGCAGATTCCGTGAACCATCGAATCTTTGAACGCAAATTGCGCTCGAGGCTTCGGCCAAGAGCATGTCTGCCTCAGCGTCGGCTACTACCCTCAACTAAGTTTCATATCGTTGATATGGGATGCCAGTTGGATCTGGCCGTCCGGTTTGCCTTTCAGGTTGCCGGTCAGCTGAAATTCATTCACGCTCTGGGGGCTGCTTTCCTCGAAAGGCTACTTTCGAGGGGAGGCGAGTTCCGATTTGGTAGGTGACCTTTGCCGGTTGCATGCCTTCGTTGCCCGCTAAGTTTCCCAGTAGTTGTTGTGCAGGACGCCTTTTGGCTTTCGACCTGAGGTCAGGCAAGAACACCCGCTGAACTTAAGCATATCAATAAGCGGAGGAAAAGAAACTAACTAGGATTCCCTTAGTAGCGGGAGCGAACCA--,AG24,Trebouxia_decolorans_SW-09b
W17-T31-L1-A2,W17-T31-L1,W17-3,ATTGCGGAATTCCGTGACCATCGAATCTTTGAACGCAAATTGCGCTCGAGGCTTCGGCCAAGAGCATGTCTGCCTCAGCGTCGGCTACTACCCTCAACTAAGTTTCATATCGTTGATATGGGATGCCAGTTGGATCTGGCCGTCCGGTTTGCCTTTCAGGTTGCCGGTCAGCTGAAATTCATTCACGCTCTGGGGGCTGCTTTCCTCGAAAGGCTACTTTCGAGGGGAGGCGAGTTCCGATTTGGTAGGTGACCTTTGCCGGTTGCATGCCTTCGTTGCCCGCTAAGTTTCCCAGTAGTTGTTGTGCAGGACGCCTTTTGGCTTTCGACCTGAGGTCAGGCAAGAACACCCGCTGAACTTAAGCATATCAATAAGCGGAGGAAAAGAAACTAACTAGGATTCCCTTAGTAGCGGCGAGCGAACC--,AG24,Trebouxia_decolorans_SW-09b
W17-T31-L1-A3,W17-T31-L1,W17-3,ATTGCAGATTCCGTGAACCATCGAATCTTTGAACGCAAATTGCGCTCGAGGCTTCGGCCAAGAGCATGTCTGCCTCAGCGTCGGCTATTACCCTCAACTAAGTTTCCTATCGTTGATAGGCGATGCCAGTTGGATATGGCCGTCCGGTTTGCCTTTCAGGTTGCCGGTCAGCTGAAATACATTCACGCTCTGGGGGCTGCTTTCCTCGAAAGGCTACTTTCGAGGGGAGGCGAGTTCCGATTTGGTAGGTGACCTTTGCCGGTTGCATGCCTTCGTTGCCCGCTAAGTTTCCCAGTAGTTGTTGTGCAGGACGCCTTTTGGCTTTCGACCTGAGGTCAGGCAAGAACACCCGCTGAACTTAAGCATATCAATAAGCGGAGGAAAAGAAACTAACTAGGATTCCCTTAGTAGCGGCGAAGCGAACCA,AG20,
W17-T31-L1-A4,W17-T31-L1,W17-3,#NAME?,AG20,
W17-T32-L4-A1,W17-T32-L4,W17-7,ATTGCAGATTCCGTGACCGTCGAATCTTTGAACGCAAATTGCGCTCGAGGCTTCGGCCAAAAGCATGTATGCCTCAGCGTCGGCTACTACCCTCAACTAAGTTTCATATCGTTGATATGGGATGCCAGTTGGATCTGGCCGTCCGGTTTGCCTTTCAGGTTGCCGGTCAGCTGAAATTCATTCACGCTCTGGGGGCTGCTTTCCTCGAAAGGCTACTTTCGAGGGGAGGCGAGTTCCGATTTGGTAGGTGACCTTTGCCGGTTGCATGCCTTCGTTGCCCGCTAAGTTTCCCAGTAGTTGTTGTGCAGGACGCCTTTTGGCTTTCGACCTGAGGTCAGGCAAGAACACCCGCTGAACTTAAGCATATCAATAAGCGGAGGAAAAGAAACTAACTAGGATTCCCTTAGTAGCGGGAAAGCGAACCA,AG12,
W17-T32-L4-A2,W17-T32-L4,W17-7,ATTGCAGATTCCGTGAACCATCGAATCTTTGAACGCAAATTGCGCTCGAGGCTTCGGCCAAGAGCATGTCTGCCTCAGCGTCGGCTACTACCCTCAACTAAGTTTCATATCGTTGATATGGGATGCCAGTTGGATCTGGCCGTCCGGTTTGCCTTTCAGGTTGCCGGTCAGCTGAAATTCATTCACGCTCTGGGGGCTGCTTTCCTCGAAAGGCTACTTTCGAGGGGAGGCGAGTTCCGATTTGGTAGGTGACCTTTGCCGGTTGCATGCCTTCGTTGCCCGCTAAGTTTCCCAGTAGTTGTTGTGCAGGACGCCTTTTGGCTTTCGACCTGAGGTCAGGCAAGAACACCCGCTGAACTTAAGCATATCAATAAGCGGAGGAAAAGAAACTAACTAGGATTCCCTTAGTAGCGGCGACGAACCC,AG24,Trebouxia_decolorans_SW-09b
W17-T32-L4-A3,W17-T32-L4,W17-7,GGATTGCAGATTCCGTGAACCATCGAATCTTTGAACGCAAATTGCGCTCGAGGCTTCGGCCAAGAGCATGTCTGCCTCAGCGTCGGCTACTACCCTCAACTAAGTTTCATATCGTTGATATGGGATGCCAGTTGGATCTGGCCGTCCGGTTTGCCTTTCAGGTTGCCGGTCAGCTGAAATTCATTCACGCTCTGGGGGCTGCTTTCCTCGAAAGGCTACTTTCGAGGGGAGGCGAGTTCCGATTTGGTAGGTGACCTTTGCCGGTTGCATGCCTTCGTTGCCCGCTAAGTTTCCCAGTAGTTGTTGTGCAGGACGCCTTTTGGCTTTCGACCTGAGGTCAGGCAAGAACACCCGCTGAACTTAAGCATATCAATAAGCGGAGGAAAAGAAACTAACTAGGATTCCCTTAGTAGCGGCGAGCGAACCA,AG24,Trebouxia_decolorans_SW-09b
W17-T32-L4-A4,W17-T32-L4,W17-7,GATTGCAGATTCCGTGAACCATCGAATCTTTGAACGCAAATTGCGCTCGAGGCTTCGGCCAAGAGCATGTCTGCCTCAGCGTCGGCTACTACCCTCAACTAAGTTTCATATCGTTGATATGGGATGCCAGTTGGATCTGGCCGTCCGGTTTGCCTTTCAGGTTGCCGGTCAGCTGAAATTCATTCACGCTCTGGGGGCTGCTTTCCTCGAAAGGCTACTTTCGAGGGGAGGCGAGTTCCGATTTGGTAGGTGACCTTTGCCGGTTGCATGCCTTCGTTGCCCGCTAAGTTTCCCAGTAGTTGTTGTGCAGGACGCCTTTTGGCTTTCGACCTGAGGTCAGGCAAGAACACCCGCTGAACTTAAGCATATCAATAAGCGGAGGAAAAGAAACTAACTAGGATTCCCTTAGTAGCGGCGAAGCGAACCA,AG24,Trebouxia_decolorans_SW-09b
W17-T33-L1-A1,W17-T33-L1,W17-4,,,
W17-T33-L1-A2,W17-T33-L1,W17-4,,,
W17-T33-L1-A3,W17-T33-L1,W17-4,,,
W17-T33-L1-A4,W17-T33-L1,W17-4,ATTGCAGATTCCGTGAACCATCGAATCTTTGAACGCAAATTGCGCTCGAGGCTTCGGCCAAGAGCATGTCTGCCTCAGCGTCGGCTACTACCCTCAACTAAGTTTCATATCGTTGATATGGGATGCCAGTTGGATCTGGCCGTCCGGTTTGCCTTTCAGGTTGCCGGTCAGCTGAAATTCATTCACGCTCTGGGGGCTGCTTTCCTCGAAAGGCTACTTTCGAGGGGAGGCGAGTTCCGATTTGGTAGGTGACCTTTGCCGGTTGCATGCCTTCGTTGCCCGCTAAGTTTCCCAGTAGTTGTTGTGCAGGACGCCTTTTGGCTTTCGACCTGAGGTCAGGCAAGAACACCCGCTGAACTTAAGCATATCAATAAGCGGAGGAAAAGAAACTAACTAGGATTCCCTTAGTAGCGAGCGAACCAN,AG24,Trebouxia_decolorans_SW-09b
W17-T34-L1-A1,W17-T34-L1,W17-2,AATTGCAGATTCCGTGAACCATCGAATCTTTGAACGCAAATTGCGCTCGAGGCTTCGGCCAAGAGCATGTCTGCCTCAGCGTCGGCTACTACCCTCAACTAAGTTTCATATCGTTGATATGGGATGCCAGTTGGATCTGGCCGTCCGGTTTGCCTTTCAGGTTGCCGGTCAGCTGAAATTCATTCACGCTCTGGGGGCTGCTTTCCTCGAAAGGCTACTTTCGAGGGGAGGCGAGTTCCGATTTGGTAGGTGACCTTTGCCGGTTGCATGCCTTCGTTGCCCGCTAAGTTTCCCAGTAGTTGTTGTGCAGGACGCCTTTTGGCTTTCGACCTGAGGTCAGGCAAGAACACCCGCTGAACTTAAGCATATCAATAAGCGGAGGAAAAGAAACTAACTAGGATTCCCTTAGTAGCGGCGAGCGAACCAW,AG24,Trebouxia_decolorans_SW-09b
W17-T34-L1-A2,W17-T34-L1,W17-2,,,
W17-T34-L1-A3,W17-T34-L1,W17-2,,,
W17-T34-L1-A4,W17-T34-L1,W17-2,ATTCCGTGACCATCGAATCTTTGAACGCAAATTGCGCTCGAGGCTTCGGCCAAGAGCATGTCTGCCTCAGCGTCGGCTACTACCCTCAACTAAGTTTCATATCGTTGATATGGGATGCCAGTTGGATCTGGCCGTCCGGTTTGCCTTTCAGGTTGCCGGTCAGCTGAAATTCATTCACGCTCTGGGGGCTGCTTTCCTCGAAAGGCTACTTTCGAGGGGAGGCGAGTTCCGATTTGGTAGGTGACCTTTGCCGGTTGCATGCCTTCGTTGCCCGCTAAGTTTCCCAGTAGTTGTTGTGCAGGACGCCTTTTGGCTTTCGACCTGAGGTCAGGCAAGAACACCCGCTGAACTTAAGCATATCAATAAGCGGAGGAAAAGAAACTAACTAGGATTCCCTTAGTAGCGGCGAGCGAACCA,AG24,Trebouxia_decolorans_SW-09b
W17-T35-L1-A1,W17-T35-L1,W17-5,GCAGATTCCGTGAACCATCGAATCTTTGAACGCAAATTGCGCTCGAGGCTTCGGCCAAGAGCATGTCTGCCTCAGCGTCGGCTACTACCCTCAACTAAGTTTCCTATCGTTGATAGGGGATGCCAGTTGGATATGGCCGTCCGGTTTGCCTTTCAGGTTGCCGGTCAGCTGAAATACATTCACGCTCTGGGGGCTGCTTTCCTCGAAAGGCTACTTTCGAGGGGAGGCGAGTTCCGATTTGGTAGGTGACCTTTGCCGGTTGCATGCCTTCGTTGCCCGCTAAGTTTCCCAGTAGTTGTTGTGCAGGACGCCTTTTGGCTTTCGACCTGAGGTCAGGCAAGAACACCCGCTGAACTTAAGCATATCAATAAGCGGAGGAAAAGAAACTAACTAGGATTCCCTTAGTAGCGGCGAGCGAACCA,AG26,Trebouxia_decolorans_SW-12a_SW-19a_SW-47a_SW-38b_SW-08c
W17-T35-L1-A2,W17-T35-L1,W17-5,,,
W17-T35-L1-A3,W17-T35-L1,W17-5,ATTCCGTGAACCATCGAATCTTTGAACGCAAATTGCGCTCGAGGCTTCGGCCAAGAGCATGTCTGCCTCAGCGTCGGCTACTACCCTCAACTAAGTTTCCTATCGTTGATAGGGGATGCCAGTTGGATATGGCCGTCCGGTTTGCCTTTCAGGTTGCCGGTCAGCTGAAATACATTCACGCTCTGGGGGCTGCTTTCCTCGAAAGGCTACTTTCGAGGGGAGGCGAGTTCCGATTTGGTAGGTGACCTTTGCCGGTTGCATGCCTTCGTTGCCCGCTAAGTTTCCCAGTAGTTGTTGTGCAGGACGCCTTTTGGCTTTCGACCTGAGGTCAGGCAAGAACACCCGCTGAACTTAAGCATATCAATAAGCGGAGGAAAAGAAACTAACTAGGATTCCCTTAGTAGCGGCGAGCGAACNG,AG26,Trebouxia_decolorans_SW-12a_SW-19a_SW-47a_SW-38b_SW-08c
W17-T35-L1-A4,W17-T35-L1,W17-5,AGCATGTCTGCCTCAGCGTCGGCTACTACCCTCAACTAAGTTTCCTATCGTTGATAGGGGATGCCAGTTGCATATGGCCGTCCGGTTTGCCTTTCAGGTTGCCGGTCAGCTGAAATACATTCACGCTCTGGGGGCTGCTTTCCTCAAAAGGCTACTTTCCAGGGGAGGCGAGTTCCGATTTGGTAGGTGACCTTTGCCGGTTGCATGCCTTCATTGCCCGCTAAGTTTCCCAGTAATTGTTGTGCAGGACGCCTTTTGGCTTTCGACCTGAGGTCAGGCAAGAACACCCGCTGAACTTAAGCATATCAATAAGCGGAGGAAAAGAAACTAACTAGGATTCCCTTAGTAGCGGCGAAGCGAACCA,AG5,
W17-T36-L1-A1,W17-T36-L4,W17-1,,,
W17-T36-L1-A2,W17-T36-L4,W17-1,,,
W17-T36-L1-A3,W17-T36-L4,W17-1,,,
W17-T36-L1-A4,W17-T36-L4,W17-1,,,
W17-T37-L1-A1,W17-T37-L1,W17-1,,,
W17-T37-L1-A2,W17-T37-L1,W17-1,,,
W17-T37-L1-A3,W17-T37-L1,W17-1,,,
W17-T37-L1-A4,W17-T37-L1,W17-1,,,
W17-T38-L4-A1,W17-T38-L4,W17-2,ATTGCAGATTCCGTGACATCGAATCTTTGAACGCAAATTGCGCTCGAGGCTTCGGCCAAGAGCATGTCTGCCTCAGCGTCGGCTACTACCCTCAACTAAGTTTCATATCGTTGATATGGGATGCCAGTTGGATCTGGCCGTCCGGTTTGCCTTTCAGGTTGCCGGTCAGCTGAAATTCATTCACGCTCTGGGGGCTGCTTTCCTCGAAAGGCTACTTTCGAGGGGAGGCGAGTTCCGATTTGGTAGGTGACCTTCGCCGGTTGCATGCCTTCGTTGCCCGCTAAGTTTCCCAGTAGTTGTTGTGCAGGACGCCTTTTGGCTTTCGACCTGAGGTCAGGCAAGAACACCCGCTGAACTTAAGCATATCAATAAGCGGAGGAAAAGAAACTAACTAGGATTCCCTTAGTAGCGGCGAGCGAACCA,AG22,Trebouxia_decolorans_SW-48a 
W17-T38-L4-A2,W17-T38-L4,W17-2,ATTGCAGATTCCGTGAACCATCGAATCTTTGAACGCAAATTGCGCTCGAGGCTTCGGCCAAGAGCATGTCTGCCTCAGCGTCGGCTACTACCCTCAACTAAGTTTCATATCGTTGATATGGGATGCCAGTTGGATCTGGCCGTCCGGTTTGCCTTTCAGGTTGCCGGTCAGCTGAAATTCATTCACGCTCTGGGGGCTGCTTTCCTCGAAAGGCTACTTTCGAGGGGAGGCGAGTTCCGATTTGGTAGGTGACCTTTGCCGGTTGCATGCCTTCGTTGCCCGCTAAGTTTCCCAGTAGTTGTTGTGCAGGACGCCTTTTGGCTTTCGACCTGAGGTCAGGCAAGAACACCCGCTGAACTTAAGCATATCAATAAGCGGAGGAAAAGAAACTAACTAGGATTCCCTTAGTAGCGGCGAGCGAACCAA,AG24,Trebouxia_decolorans_SW-09b
W17-T38-L4-A3,W17-T38-L4,W17-2,,,
W17-T38-L4-A4,W17-T38-L4,W17-2,AATTCCGTGAACCATCGAATCTTTGAACGCAAATTGCGCTCGAGGCTTCGGCCAAGAGCATGTCTGCCTCAGCGTCGGCTACTACCCTCAACTAAGTTTCATATCGTTGATATGGGATGCCAGTTGGATCTGGCCGTCCGGTTTGCCTTTCAGGTTGCCGGTCAGCTGAAATTCATTCACGCTCTGGGGGCTGCTTTCCTCGAAAGGCTACTTTCGAGGGGAGGCGAGTTCCGATTTGGTAGGTGACCTTTGCCGGTTGCATGCCTTCGTTGCCCGCTAAGTTTCCCAGTAGTTGTTGTGCAGGACGCCTTTTGGCTTTCGACCTGAGGTCAGGCAAGAACACCCGCTGAACTTAAGCATATCAATAAGCGGAGGAAAAGAAACTAACTAGGATTCCCTTAGTAGCGGCGAGCGAACC,AG24,Trebouxia_decolorans_SW-09b
W17-T39-L1-A1,W17-T39-L1,W17-4,GATTGCAGATTCCGTGAACCATCGAATCTTTGAACGCAAATTGCGCTCGAGGCTTCGGCCAAGAGCATGTCTGCCTCAGCGTCGGCTACTACCCTCAACTAAGTTTCCTATCGTTGATAGGCGATGCCAGTTGGATATGGCCGTCCGGTTTGCCTTTCAGGTTGCCGGTCAGCTGAAATACATTCACGCTCTGGGGGCTGCTTTCCTCGAAAGGCTACTTTCGAGGGGAGGCGAGTTCCGATTTGGTAGGTGACCTTTGCCGGTTGCATGCCTTCGTTGCCCGCTAAGTTTCCCAGTAGTTGTTGTGCAGGACGCCTTTTGGCTTTCGACCTGAGGTCAGGCAAGAACACCCGCTGAACTTAAGCATATCAATAAGCGGAGGAAAAGAAACTAACTAGGATTCCCTTAGTAGCGGCGAGCGAACCAAN,AG31,Trebouxia_decolorans_SW-10b
W17-T39-L1-A2,W17-T39-L1,W17-4,GCAGATTCCGTGAACCATCGAATCTTTGAACGCAAATTGCGCTCGAGGCTTCGGCCAAGAGCATGTCTGCCTCAGCGTCGGCTACTACCCTCAACTAAGTTTCCTATCGTTGATAGGCGATGCCAGTTGGATATGGCCGTCCGGTTTGCCTTTCAGGTTGCCGGTCAGCTGAAATACATTCACGCTCTGGGGGCTGCTTTCCTCGAAAGGCTACTTTCGAGGGGAGGCGAGTTCCGATTTGGTAGGTGACCTTTGCCGGTTGCATGCCTTCGTTGCCCGCTAAGTTTCCCAGTAGTTGTTGTGCAGGACGCCTTTTGGCTTTCGACCTGAGGTCAGGCAAGAACACCCGCTGAACTTAAGCATATCAATAAGCGGAGGAAAAGAAACTAACTAGGATTCCCTTAGTAGCGGCGAAGCGAACCAANN,AG31,Trebouxia_decolorans_SW-10b
W17-T39-L1-A3,W17-T39-L1,W17-4,ATTGCAGATTCCGTGAACCATCGAATCTTTGAACGCAAATTGCGCTCGAGGCTTCGGCCAAGAGCATGTCTGCCTCAGCGTCGGCTACTACCCTCAACTAAGTTTCCTATCGTTGATAGGCGATGCCAGTTGGATATGGCCGTCCGGTTTGCCTTTCAGGTTGCCGGTCAGCTGAAATACATTCACGCTCTGGGGGCTGCTTTCCTCGAAAGGCTACTTTCGAGGGGAGGCGAGTTCCGATTTGGTAGGTGACCTTTGCCGGTTGCATGCCTTCGTTGCCCGCTAAGTTTCCCAGTAGTTGTTGTGCAGGACGCCTTTTGGCTTTCGACCTGAGGTCAGGCAAGAACACCCGCTGAACTTAAGCATATCAATAAGCGGAGGAAAAGAAACTAACTAGGATTCCCTTAGTAGCGGCGAGCGAACCA,AG31,Trebouxia_decolorans_SW-10b
W17-T39-L1-A4,W17-T39-L1,W17-4,CCATCGAATCTTTGAACGCAAATTGCGCTCGAGGCTTCGGCCAAGAGCATGTCTGCCTCAGCGTCGGCTACTACCCTCAACTAAGTTTCCTATCGTTGATAGGCGATGCCAGTTGGATATGGCCGTCCGGTTTGCCTTTCAGGTTGCCGGTCAGCTGAAATACATTCACGCTCTGGGGGCTGCTTTCCTCGAAAGGCTACTTTCGAGGGGAGGCGAGTTCCGATTTGGTAGGTGACCTTTGCCGGTTGCATGCCTTCGTTGCCCGCTAAGTTTCCCAGTAGTTGTTGTGCAGGACGCCTTTTGGCTTTCGACCTGAGGTCAGGCAAGAACACCCGCTGAACTTAAGCATATCAATAAGCGGAGGAAAAGAAACTAACTAGGATTCCCTTAGTAGCGGCGAGCGAAC,AG31,Trebouxia_decolorans_SW-10b
W17-T4-L4-A1,W17-T4-L4,W17-3,ATGC-AGATTCCGTGAACCATCGAATCTTTGAACGCAAATTGCGCTCGAGGCTTCGGCCAAGAGCATGTCTGCCTCAGCGTCGGCTACTACCCTCAACTAAGTTTCCTATCGTTGATAGGGGATGCCAGTTGGATATGGCCGTCCGGTTTGCCTTTCAGGTTGCCGGTCAGCTGAAATACATTCACGCTCTGGGGGCTGCTTTCCTCGAAAGGCTACTTTCGAGGGGAGGCGAGTTCCGATTTGGTAGGTGACCTTTGCCGGTTGCATGCCTTCGTTGCCCGCTAAGTTTCCCAGTAGTTGTTGTGCAGGACGCCTTTTGGCTTTCGACCTGAGGTCAGGCAAGAACACCCGCTGAACTTAAGCATATCAATAAGCGGAGGAAAAGAAACTAACTAGGATTCCCTTAGTAGCGGCGAGCGAACCA-,AG26,Trebouxia_decolorans_SW-12a_SW-19a_SW-47a_SW-38b_SW-08c
W17-T4-L4-A2,W17-T4-L4,W17-3,GATGCAGATTCCGTGAACCATCGAATCTTTGAACGCAAATTGCGCTCGAGGCTTCGGCCAAGAGCATGTCTGCCTCAGCGTCGGCTACTACCCTCAACTAAGTTTCCTATCGTTGATAGGGGATGCCAGTTGGATATGGCCGTCCGGTTTGCCTTTCAGGTTGCCGGTCAGCTGAAATACATTCACGCTCTGGGGGCTGCTTTCCTCGAAAGGCTACTTTCGAGGGGAGGCGAGTTCCGATTTGGTAGGTGACCTTTGCCGGTTGCATGCCTTCGTTGCCCGCTAAGTTTCCCAGTAGTTGTTGTGCAGGACGCCTTTTGGCTTTCGACCTGAGGTCAGGCAAGAACACCCGCTGAACTTAAGCATATCAATAAGCGGAGGAAAAGAAACTAACTAGGATTCCCTTAGTAGCGGCGAAGCGAACCA,AG26,Trebouxia_decolorans_SW-12a_SW-19a_SW-47a_SW-38b_SW-08c
W17-T4-L4-A3,W17-T4-L4,W17-3,AT-GCAGATTCCGTGAACCATCGAATCTTTGAACGCAAATTGCGCTCGAGGCTTCGGCCAAGAGCATGTCTGCCTCAGCGTCGGCTACTACCCTCAACTAAGTTTCCTATCGTTGATAGGGGATGCCAGTTGGATATGGCCGTCCGGTTTGCCTTTCAGGTTGCCGGTCAGCTGAAATACATTCACGCTCTGGGGGCTGCTTTCCTCGAAAGGCTACTTTCGAGGGGAGGCGAGTTCCGATTTGGTAGGTGACCTTTGCCGGTTGCATGCCTTCGTTGCCCGCTAAGTTTCCCAGTAGTTGTTGTGCAGGACGCCTTTTGGCTTTCGACCTGAGGTCAGGCAAGAACACCCGCTGAACTTAAGCATATCAATAAGCGGAGGAAAAGAAACTAACTAGGATTCCCTTAGTAGCGGCGAGCGAACCA-,AG26,Trebouxia_decolorans_SW-12a_SW-19a_SW-47a_SW-38b_SW-08c
W17-T4-L4-A4,W17-T4-L4,W17-3,ATTGCAGATTCCGTGA-CCATCGAATCTTTGAACGCAAATTGCGCTCGAGGCTTCGGCCAAGAGCATGTCTGCCTCAGCGTCGGCTACTACCCTCAACTAAGTTTCCTATCGTTGATAGGCGATGCCAGTTGGATATGGCCGTCCGGTTTGCCTTTCAGGTTGCCGGTCAGCTGAAATACATTCACGCTCTGGGGGCTGCTTTCCTCGAAAGGCTACTTTCGAGGGGAGGCGAGTTCCGATTTGGTAGGTGACCTTTGCCGGTTGCATGCCTTCGTTGCCCGCTAAGTTTCCCAGTAGTTGTTGTGCAGGACGCCTTTTGGCTTTCGACCTGAGGTCAGGCAAGAACACCCGCTGAACTTAAGCATATCAATAAGCGGAGGAAAAGAAACTAACTAGGATTCCCTTAGTAGCGGCGAGCGAACCA-,AG31,Trebouxia_decolorans_SW-10b
W17-T40-L1-A1,W17-T40-L1,W17-3,,,
W17-T40-L1-A2,W17-T40-L1,W17-3,ATTGCAGATTCCGTGAACCATCGAATCTTTGAACGCAAATTGCGCTCGAGGCTTCGGCCAAGAGCATGTCTGCCTCAGCGTCGGCTACTACCCTCAACTAAGTTTCCTATCGTTGATAGGCGATGCCAGTTGGATATGGCCGTCCGGTTTGCCTTTCAGGTTGCCGGTCAGCTGAAATACATTCACGCTCTGGGGGCTGCTTTCCTCGAAAGGCTACTTTCGAGGGGAGGCGAGTTCCGATTTGGTAGGTGACCTTTGCCGGTTGCATGCCTTCGTTGCCCGCTAAGTTTCCCAGTAGTTGTTGTGCAGGACGCCTTTTGGCTTTCGACCTGAGGTCAGGCAAGAACACCCGCTGAACTTAAGCATATCAATAAGCGGAGGAAAAGAAACTAACTAGGATTCCCTTAGTAGCGGCGAGCGAACCA-,AG31,Trebouxia_decolorans_SW-10b
W17-T40-L1-A3,W17-T40-L1,W17-3,ATTGCAGATTCCGTGAACCATCGAATCTTTGAACGCAAATTGCGCTCGAGGCTTCGGCCAAGAGCATGTCTGCCTCAGCGTCGGCTATTACCCTCAACTAAGTTTCCTATCGTTGATAGGCGATGCCAGTTGGATATGGCCGTCCGGTTTGCCTTTCAGGTTGCCGGTCAGCTGAAATACATTCACGCTCTGGGGGCTGCTTTCCTCGAAAGGCTACTTTCGAGGGGAGGCGAGTTCCGATTTGGTAGGTGACCTTTGCCGGTTGCATGCCTTCGTTGCCCGCTAAGTTTCCCAGTAGTTGTTGTGCAGGACGCCTTTTGGCTTTCGACCTGAGGTCAGGCAAGAACACCCGCTGAACTTAAGCATATCAATAAGCGGAGGAAAAGAAACTAACTAGGATTCCCTTAGTAGCGGCGAAGCGAACCA,AG20,
W17-T40-L1-A4,W17-T40-L1,W17-3,#NAME?,AG31,Trebouxia_decolorans_SW-10b
W17-T41-L1-A1,W17-T41-L1,W17-6,,,
W17-T41-L1-A2,W17-T41-L1,W17-6,,,
W17-T41-L1-A3,W17-T41-L1,W17-6,,,
W17-T41-L1-A4,W17-T41-L1,W17-6,,,
W17-T42-L4-A1,W17-T42-L4,W17-3,GATTGCAGATTCCGTGACCATCGAATCTTTGAACGCAAATTGCGCTCGAGGCTTCGGCCAAGAGCATGTCTGCCTCAGCGTCGGCTACTACCCTCAACTAAGTTTCCTATCGTTGATAGGGGATGCCAGTTGGATATGGCCGTCCGGTTTGCCTTTCAGGTTGCCGGTCAGCTGAAATACATTCACGCTCTGGGGGCTGCTTTCCTCGAAAGGCTACTTTCGAGGGGAGGCGAGTTCCGATTTGGTAGGTGACCTTTGCCGGTTGCATGCCTTCGTTGCCCGCTAAGTTTCCCAGTAGTTGTTGTGCAGGACGCCTTTTGGCTTTCGACCTGAGGTCAGGCAAGAACACCCGCTGAACTTAAGCATATCAATAAGCGGAGGAAAAGAAACTAACTAGGATTCCCTTAGTAGCGGCGAGCGAACCA-,AG26,Trebouxia_decolorans_SW-12a_SW-19a_SW-47a_SW-38b_SW-08c
W17-T42-L4-A2,W17-T42-L4,W17-3,#NAME?,AG31,Trebouxia_decolorans_SW-10b
W17-T42-L4-A3,W17-T42-L4,W17-3,ATTGCAGATTCCGTGAACCATCGAATCTTTGAACGCAAATTGCGCTCGAGGCTTCGGCCAAGAGCATGTCTGCCTCAGCGTCGGCTACTACCCTCAACTAAGTTTCCTATCGTTGATAGGCGATGCCAGTTGGATATGGCCGTCCGGTTTGCCTTTCAGGTTGCCGGTCAGCTGAAATACATTCACGCTCTGGGGGCTGCTTTCCTCGAAAGGCTACTTTCGAGGGGAGGCGAGTTCCGATTTGGTAGGTGACCTTTGCCGGTTGCATGCCTTCGTTGCCCGCTAAGTTTCCCAGTAGTTGTTGTGCAGGACGCCTTTTGGCTTTCGACCTGAGGTCAGGCAAGAACACCCGCTGAACTTAAGCATATCAATAAGCGGAGGAAAAGAAACTAACTAGGATTCCCTTAGTAGCGGCGAGCGAACCAA,AG31,Trebouxia_decolorans_SW-10b
W17-T42-L4-A4,W17-T42-L4,W17-3,ATTGCAGATTCCGTGA-CCATCGAATCTTTGAACGCAAATTGCGCTCGAGGCTTCGGCCAAGAGCATGTCTGCCTCAGCGTCGGCTACTACCCTCAACTAAGTTTCCTATCGTTGATAGGCGATGCCAGTTGGATATGGCCGTCCGGTTTGCCTTTCAGGTTGCCGGTCAGCTGAAATACATTCACGCTCTGGGGGCTGCTTTCCTCGAAAGGCTACTTTCGAGGGGAGGCGAGTTCCGATTTGGTAGGTGACCTTTGCCGGTTGCATGCCTTCGTTGCCCGCTAAGTTTCCCAGTAGTTGTTGTGCAGGACGCCTTTTGGCTTTCGACCTGAGGTCAGGCAAGAACACCCGCTGAACTTAAGCATATCAATAAGCGGAGGAAAAGAAACTAACTAGGATTCCCTTAGTAGCGGCGAGCGAACCA-,AG31,Trebouxia_decolorans_SW-10b
W17-T43-L1-A5,W17-T43-L1,W17-8,AAAGAATTGCAGATTCCGTGAACCATCGAATCTTTGAACGCAAATTGCGCTCGAGGCTTCGGCCAAGAGCATGTCTGCCTCAGCGTCGGCTACTACCCTCAACTAAGTTTCATATCGTTGATATGGGATGCCAGTTGGATCTGGCCGTCCGGTTTGCCTTTCAGGTTGCCGGTCAGCTGAAATTCATTCACGCTCTGGGGGCTGCTTTCCTCGAAAGGCTACTTTCGAGGGGAGGCGAGTTCCGATTTGGTAGGTGACCTTCGCCGGTTGCATGCCTTCGTTGCCCGCTAAGTTTCCCAGTAGTTGTTGTGCAGGACGCCTTTTGGCTTTCGACCTGAGGTCAGGCAAGAACACCCGCTGAACTTAAGCATATCAATAAGCGGAGGAAAAGAAACTAACTAGGATTCCCTTAGTAGCGGCGAGCGAACCAAGA,AG22,Trebouxia_decolorans_SW-48a 
W17-T43-L1-A6,W17-T43-L1,W17-8,ATTGCAGATTCCGTGAACCATCGAATCTTTGAACGCAAATTGCGCTCGAGGCTTCGGCCAAGAGCATGTCTGCCTCAGCGTCGGCTACTACCCTCAACTAAGTTTCATATCGTTGATATGGGATGCCAGTTGGATCTGGCCGTCCGGTTTGCCTTTCAGGTTGCCGGTCAGCTGAAATTCATTCACGCTCTGGGGGCTGCTTTCCTCGAAAGGCTACTTTCGAGGGGAGGCGAGTTCCGATTTGGTAGGTGACCTTCGCCGGTTGCATGCCTTCGTTGCCCGCTAAGTTTCCCAGTAGTTGTTGTGCAGGACGCCTTTTGGCTTTCGACCTGAGGTCAGGCAAGAACACCCGCTGAACTTAAGCATATCAATAAGCGGAGGAAAAGAAACTAACTAGGATTCCCTTAGTAGCGGCGAGCGAACCA,AG22,Trebouxia_decolorans_SW-48a 
W17-T43-L1-A7,W17-T43-L1,W17-8,AAAAGATGCATTCCGTGAACCATCGAATCTTTGAACGCAAATTGCGCTCGAGGCTTCGGCCAAGAGCATGTCTGCCTCAGCGTCGGCTACTACCCTCAACTAAGTTTCATATCGTTGATATGGGATGCCAGTTGGATCTGGCCGTCCGGTTTGCCTTTCAGGTTGCCGGTCAGCTGAAATTCATTCACGCTCTGGGGGCTGCTTTCCTCGAAAGGCTACTTTCGAGGGGAGGCGAGTTCCGATTTGGTAGGTGACCTTCGCCGGTTGCATGCCTTCGTTGCCCGCTAAGTTTCCCAGTAGTTGTTGTGCAGGACGCCTTTTGGCTTTCGACCTGAGGTCAGGCAAGAACACCCGCTGAACTTAAGCATATCAATAAGCGGAGGAAAAGAAACTAACTAGGATTCCCTTAGTAGCGGCGAGCGAACC,AG22,Trebouxia_decolorans_SW-48a 
W17-T43-L1-A8,W17-T43-L1,W17-8,,,
W17-T44-L1-A1,W17-T44-L1,W17-2,AATTCCGTGAACCATCGAATCTTTGAACGCAAATTGCGCTCGAGGCTTCGGCCAAGAGCATGTCTGCCTCAGCGTCGGCTACTACCCTCAACTAAGTTTCATATCGTTGATATGGGATGCCAGTTGGATCTGGCCGTCCGGTTTGCCTTTCAGGTTGCCGGTCAGCTGAAATTCATTCACGCTCTGGGGGCTGCTTTCCTCGAAAGGCTACTTTCGAGGGGAGGCGAGTTCCGATTTGGTAGGTGACCTTTGCCGGTTGCATGCCTTCGTTGCCCGCTAAGTTTCCCAGTAGTTGTTGTGCAGGACGCCTTTTGGCTTTCGACCTGAGGTCAGGCAAGAACACCCGCTGAACTTAAGCATATCAATAAGCGGAGGAAAAGAAACTAACTAGGATTCCCTTAGTAGCGGCGAGCGAACCA,AG24,Trebouxia_decolorans_SW-09b
W17-T44-L1-A2,W17-T44-L1,W17-2,ATTCCGTGACCATCGAATCTTTGAACGCAAATTGCGCTCGAGGCTTCGGCCAAGAGCATGTCTGCCTCAGCGTCGGCTACTACCCTCAACCAAGTTTCCTATCGTTGATAGGGGATGCCAGTTGGATATGGCCGTCCGGTTTGCCTTTCAGGTTGCCGGTCAGCTGAAATACATTCACGCTCTGGGGGCTGCTTTCCTCGAAAGGCTACTTTCGAGGGGAGGCGAGTTCCGATTTGGTAGGTGACCTTTGCCGGTTGCATGCCTTCGTTGCCCGCTAAGCTTCCCAGTAGTTGTTGTGCAGGACGCCTTTTGGCTTTCGACCTGAGGTCAGGCAAGAACACCCGCTGAACTTAAGCATATCAATAAGCGGAGGAAAAGAAACTAACTAGGATTCCCTTATAGCGGCGAGCGAACCAA,AG32,
W17-T44-L1-A3,W17-T44-L1,W17-2,,,
W17-T44-L1-A4,W17-T44-L1,W17-2,,,
W17-T45-L1-A1,W17-T45-L1,W17-4,CCATCGAATCTTTGAACGCAAATTGCGCTCGAGGCTTCGGCCAAAAGCATGTCTGCCTCAGCGTCGGCTACTACCCTCAACTAAGTTTCATATCGTTGATATGGGATGCCAGTTGGATCTGGCCGTCCGGTTTGCCTTTCAGGTTGCCGGTCAGCTGAAATTCATTCACGCTCTGGGGGCTGCTTTCCTCAAAAGGCTACTTTCCAGGGGAGGCGAGTTCCGATTTGGTAGGTGACCTTTGCCGGTTGCATGCCTTCGTTGCCCGCTAAGTTTCCCAGTAGTTGTTGTGCATGACGCCTTTTGGCTTTCGACCTGAGGTCAAGCAAGAACACCCGCTGAACTTAAGCATATCAATAAGCGGAGGAAAAGAAACTAACTAGGATTCCCTTAGTAGCGGCGAGCGAACCA,AG15,
W17-T45-L1-A2,W17-T45-L1,W17-4,GCATGTCTGCCTCAGCGTCGGCTACTACCCTCAACTAAGTTTCATATCGTTGATATGGGATGCCAGTTGGATCTGGCCGTCCGGTTTGCCTTTCACGTTGCCGGTCACCTGAAATTCATTCACGCTCTGGGGGCTGCTTTCCTCAAAAGGCTACTTTCCAGGGGAGGCGAGTTCCGATTTGGTAGGTGACCTTTGCCGGTTGCATGCCTTCGTTGCCCGCTAAGTTTCCCAGTAGTTGTTGTGCATGACGCCTTTTGGCTTTCGACCTGAGGTCAAGCAAGAACACCCGCTGAACTTAAGCATATCAATAAGCGGAGGAAAAGAAACTAACTAGGATTCCCTTAGTAGCGGGAGCGAACCA,AG3,
W17-T45-L1-A3,W17-T45-L1,W17-4,,,
W17-T45-L1-A4,W17-T45-L1,W17-4,,,
W17-T46-L1-A1,W17-T46-L1,W17-6,,,
W17-T46-L1-A2,W17-T46-L1,W17-6,,,
W17-T46-L1-A3,W17-T46-L1,W17-6,,,
W17-T46-L1-A4,W17-T46-L1,W17-6,,,
W17-T47-L1-A1,W17-T47-L1,W17-7,GGATTGCAGATTCCGTGAACCATCGAATCTTTGAACGCAAATTGCGCTCGAGGCTTCGGCCAAGAGCATGTCTGCCTCAGCGTCGGCTACTACCCTCAACTAAGTTTCATATCGTTGATATGGGATGCCAGTTGGATCTGGCCGTCCGGTTTGCCTTTCAGGTTGCCGGTCAGCTGAAATTCATTCACGCTCTGGGGGCTGCTTTCCTCGAAAGGCTACTTTCGAGGGGAGGCGAGTTCCGATTTGGTAGGTGACCTTTGCCGGTTGCATGCCTTCGTTGCCCGCTAAGTTTCCCAGTAGTTGTTGTGCAGGACGCCTTTTGGCTTTCGACCTGAGGTCAGGCAAGAACACCCGCTGAACTTAAGCATATCAATAAGCGGAGGAAAAGAAACTAACTAGGATTCCCTTAGTAGCGGCGAAGCGAACCA,AG24,Trebouxia_decolorans_SW-09b
W17-T47-L1-A2,W17-T47-L1,W17-7,GATTGCAGATTCCGTGAACCATCGAATCTTTGAACGCAAATTGCGCTCGAGGCTTCGGCCAAGAGCATGTCTGCCTCAGCGTCGGCTACTACCCTCAACTAAGTTTCCTATCGTTGATAGGGGATGCCAGTTGGATATGGCCGTCCGGTTTGCCTTTCAGGTTGCCGGTCAGCTGAAATACATTCACGCTCTGGGGGCTGCTTTCCTCGAAAGGCTACTTTCGAGGGGAGGCGAGTTCCGATTTGGTAGGTGACCTTTGCCGGTTGCATGCCTTCGTTGCCCGCTAAGTTTCCCAGTAGTTGTTGTGCAGGACGCCTTTTGGCTTTCGACCTGAGGTCAGGCAAGAACACCCGCTGAACTTAAGCATATCAATAAGCGGAGGAAAAGAAACTAACTAGGATTCCCTTAGTAGCGGCGAGCGAACCA,AG26,Trebouxia_decolorans_SW-12a_SW-19a_SW-47a_SW-38b_SW-08c
W17-T47-L1-A3,W17-T47-L1,W17-7,GATTGCAGATTCCGTGAACCATCGAATCTTTGAACGCAAATTGCGCTCGAGGCTTCGGCCAAGAGCATGTCTGCCTCAGCGTCGGCTACTACCCTCAACTAAGTTTCCTATCGTTGATAGGGGATGCCAGTTGGATATGGCCGTCCGGTTTGCCTTTCAGGTTGCCGGTCAGCTGAAATACATTCACGCTCTGGGGGCTGCTTTCCTCGAAAGGCTACTTTCGAGGGGAGGCGAGTTCCGATTTGGTAGGTGACCTTTGCCGGTTGCATGCCTTCGTTGCCCGCTAAGTTTCCCAGTAGTTGTTGTGCAGGACGCCTTTTGGCTTTCGACCTGAGGTCAGGCAAGAACACCCGCTGAACTTAAGCATATCAATAAGCGGAGGAAAAGAAACTAACTAGGATTCCCTTAGTAGCGCGAGCGAACCA,AG26,Trebouxia_decolorans_SW-12a_SW-19a_SW-47a_SW-38b_SW-08c
W17-T47-L1-A4,W17-T47-L1,W17-7,ATTGGAGATTCCGTGACCATCGAATCTTTGAACGCAAATTGCGCTCGAGGCTTCGGCCAAGAGCATGTCTGCCTCAGCGTCGGCTACTACCCTCAACTAAGTTTCATATCGTTGATATGGGATGCCAGTTGGATCTGGCCGTCCGGTTTGCCTTTCAGGTTGCCGGTCAGCTGAAATTCATTCACGCTCTGGGGGCTGCTTTCCTCGAAAGGCTACTTTCGAGGGGAGGCGAGTTCCGATTTGGTAGGTGACCTTTGCCGGTTGCATGCCTTCGTTGCCCGCTAAGTTTCCCAGTAGTTGTTGTGCAGGACGCCTTTTGGCTTTCGACCTGAGGTCAGGCAAGAACACCCGCTGAACTTAAGCATATCAATAAGCGGAGGAAAAGAAACTAACTAGGATTCCCTTAGTAGCGGCGAGCGAACCA,AG24,Trebouxia_decolorans_SW-09b
W17-T48-L1-A10,W17-T48-L1,W17-8,AGATTGCAGAATTCCGTGAACCATCGAATCTTTGAACGCAAATTGCGCTCGAGGCTTCGGCCAAGAGCATGTCTGCCTCAGCGTCGGCTACTACCCTCAACTAAGTTTCCTATCGTTGATAGGCGATGCCAGTTGGATATGGCCGTCCGGTTTGCCTTTCAGGTTGCCGGTCAGCTGAAATACATTCACACTCTGGGGGCTGCTTTCCTCGAAAGGCTACTTTCGAGGGGAGGCGAGTTCCGATTTGGTAGGTGACCTTTGCCGGTTGCATGCCTTCGTTGCCCGCTAAGTTTCCCAGTAGTTGTTGTGCAGGACGCCTTTTGGCTTTCGACCTGAGGTCAGGCAAGAACACCCGCTGAACTTAAGCATATCAATAAGCGGAGGAAAAGAAACTAACTAGGATTCCCTTAGTAGCGGCGAGCGAACCA,AG29,
W17-T48-L1-A11,W17-T48-L1,W17-8,,,
W17-T48-L1-A12,W17-T48-L1,W17-8,AATTNCATTCCGTGAACCATCGAATCTTTGAACGCAAATTGCGCTCGAGGCTTCGGCCAAGATGCTGCCTCAGCGTCGGCTACTACCCTCAACTAAGTTTCCTATCGTTGATAGGCGATGCCAGTTGGATATGGCCGTCCGGTTTGCCTTTCAGGTTGCCGGTCAGCTGAAATACATTCACACTCTGGGGGCTGCTTTCCTCGAAAGGCTACTTTCGAGGGGAGGCGAGTTCCGATTTGGTAGGTGACCTTTGCCGGTTGCATGCCTTCGTTGCCCGCTAAGTTTCCCAGTAGTTGTTGTGCAGGACGCCTTTTGGCTTTCGACCTGAGGTCAGGCAAGAACACCCGCTGAACTTAAGCATATCAATAAGCGGAGGAAAAGAAACTAACTAGGATTCCCTTAGTAGCGGCGAGCGAACCAA,AG19,
W17-T48-L1-A9,W17-T48-L1,W17-8,,,
W17-T49-L4-A1,W17-T49-L4,W17-8,GCTCGGGCGGCGCCCCTCCCCGAGCCCCTGGCCCATTTTCACTTCCCTGAGGAAATAATGGCGGGAGACCCCTGGCGCGCGCATCCCGCCCCGAGCCACCGACTTCAGCAGCTCTCTCGCCGCAGCAGCCCTGCTTGCAGCCCCCAACTCCCTGGTCCACTGGCCACACCTCTCGCGCGTTCTCCTGGCCCACAAGCCCTGAGGCCGCCTGCTTGGCCAAGCCGCTCTCGTCCAGCCCCAGCCCTTTCACGTGGCTGTGGGAGGCGATGCGCTGCGTCTTCGTAGTGCTCTTCACCTCCTCAATCTTCATTTTGCAGACGCCGGGAGCTAAAACCAGCGTGGAAAACCAGCAGCTAGGACAGTGCGCCCGGCGCCTGAGTTACCATGCGGCCGTTACTAGGGCAATTTGCAAAGGCCCGCCTAGACCGGCTTTCCATTGGTA,,
W17-T49-L4-A2,W17-T49-L4,W17-8,AGGATTGCAGATTCCGTGACCATCGAATCTTTGAACGCAAATTGCGCTCGAGGCTTCGGCCAAGAGCATGTCTGCCTCAGCGTCGGCTACTACCCTCAACCAAGTTTCCTATCGTTGATAGGGGATGCCAGTTGGATATGGCCGTCCGGTTTGCCTTTCAGGTTGCCGGTCAGCTGAAATACATTCACGCTCTGGGGGCTGCTTTCCTCGAAAGGCTACTTTCGAGGGGAGGCGAGTTCCGATTTGGTAGGTGACCTTTGCCGGTTGCATGCCTTCGTTGCCCGCTAAGTTTCCCAGTAGTTGTTGTGCAGGACGCCTTTTGGCTTTCGACCTGAGGTCAGGCAAGAACACCCGCTGAACTTAAGCATATCAATAAGCGGAGGAAAAGAAACTAACTAGGATTCCCTTAGTAGCGGCGAGCGAACCA,AG34,
W17-T49-L4-A3,W17-T49-L4,W17-8,AAGGATTGCATTCCGTGAACCATCGAATCTTTGAACGCAAATTGCGCTCGAGGCTTCGGCCAAGATGTCTGCCTCAGCGTCGGCTACTACCCTCAACCAAGTTTCCTATCGTTGATAGGGGATGCCAGTTGGATATGGCCGTCCGGTTTGCCTTTCAGGTTGCCGGTCAGCTGAAATACATTCACGCTCTGGGGGCTGCTTTCCTCGAAAGGCTACTTTCGAGGGGAGGCGAGTTCCGATTTGGTAGGTGACCTTTGCCGGTTGCATGCCTTCGTTGCCCGCTAAGTTTCCCAGTAGTTGTTGTGCAGGACGCCTTTTGGCTTTCGACCTGAGGTCAGGCAAGAACACCCGCTGAACTTAAGCATATCAATAAGCGGAGGAAAAGAAACTAACTAGGATTCCCTTAGTAGCGGCGAGCGAAC,AG18,
W17-T49-L4-A4,W17-T49-L4,W17-8,GGAGCAGATTCCGTGACATCGAATCTTTGAACGCAAATTGCGCTCGAGGCTTCGGCCAAGAGCATGTCTGCCTCAGCGTCGGCTACTACCCTCAACCAAGTTTCCTATCGTTGATAGGGGATGCCAGTTGGATATGGCCGTCCGGTTTGCCTTTCAGGTTGCCGGTCAGCTGAAATACATTCACGCTCTGGGGGCTGCTTTCCTCGAAAGGCTACTTTCGAGGGGAGGCGAGTTCCGATTTGGTAGGTGACCTTTGCCGGTTGCATGCCTTCGTTGCCCGCTAAGTTTCCCAGTAGTTGTTGTGCAGGACGCCTTTTGGCTTTCGACCTGAGGTCAGGCAAGAACACCCGCTGAACTTAAGCATATCAATAAGCGGAGGAAAAGAAACTAACTAGGATTCCCTTAGTAGCGGCGAGCGAACCA,AG34,
W17-T54-L4-A21,W17-T54-L4,W17-8,AAGATGCAGATTCCGTGACATCGAATCTTTGAACGCAAATTGCGCTCGAGGCTTCGGCCAAAAGCATGTATGCCTCAGCGTCGGCTACTACCCTCAACTAAGTTTCCTATCAATCATAGGGGATGCCAGTTGGATCTGGCCGTCCGGTTTGCCTGTCAGGTTGCCGGTCAGCTGAAATACATTCACGCTCTGGGGGCTGCTTTCCTCGAAAGGCTACTTTCGAGGGCAGGTGAGTTCCGACTTGGTAGGTGACCTTTGCCGGTTGCATGCCTTCGTTGCCCACTAAGCTTCCCAGTAGTCGTTGTGCAGGACGCCTTTTGGCTTTCGACCTGAGGTCAGGCAAGAACACCCGCTGAACTTAAGCATATCAATAAGCGGAGGAAAAGAAACTAACTAGGATTCCCTTAGTAGCGGCGAGCGAACCA,AG13,
W17-T54-L4-A22,W17-T54-L4,W17-8,AGATTGCAGATTCCGTGAACCATCGAATCTTTGAACGCAAATTGCGCTCGAGGCTTCGGCCAAGAGCATGTCTGCCTCAGCGTCGGCTACTACCCTCAACTAAGTTTCATATCGTTGATATGGGATGCCAGTTGGATCTGGCCGTCCGGTTTGCCTTTCAGGTTGCCGGTCAGCTGAAATTCATTCACGCTCTGGGGGCTGCTTTCCTCGAAAGGCTACTTTCGAGGGGAGGCGAGTTCCGATTTGGTAGGTGACCTTTGCCGGTTGCATGCCTTCGTTGCCCGCTAAGTTTCCCAGTAGTTGTTGTGCAGGACGCCTTTTGGCTTTCGACCTGAGGTCAGGCAAGAACACCCGCTGAACTTAAGCATATCAATAAGCGGAGGAAAAGAAACTAACTAGGATTCCCTTAGTAGCGGACGAACCA,AG24,Trebouxia_decolorans_SW-09b
W17-T54-L4-A23,W17-T54-L4,W17-8,AAGGGCAGATTCCGTGACCGTCGAATCTTTGAACGCAAATTGCGCTCGAGGCTTCGGCCAAAAGTGTATGCCTCAGCGTCGGCTACTACCCTCAACTAAGTTTCCTATCAATCATAGGGGATGCCAGTTGGATCTGGCCGTCCGGTTTGCCTGTCAGGTTGCCGGTCAGCTGAAATACATTCACGCTCTGGGGGCTGCTTTCCTCGAAAGGCTACTTTCGAGGGCAGGTGAGTTCCGACTTGGTAGGTGACCTTTGCCGGTTGCATGCCTTCGTTGCCCACTAAGCTTCCCAGTAGTCGTTGTGCAGGACGCCTTTTGGCTTTCGACCTGAGGTCAGGCAAGAACACCCGCTGAACTTAAGCATATCAATAAGCGGAGGAAAAGAAACTAACTAGGATTCCCTTAGTAGCGGCGAGCGAACCAT,AG10,
W17-T54-L4-A24,W17-T54-L4,W17-8,,,
W17-T6-L1-A1,W17-T6-L1,W17-1,GTGATGCAGATTCCGTGAACCATCGAATCTTTGAACGCAAATTGCGCTCGAGGCTTCGGCCAAGAGCATGTCTGCCTCAGCGTCGGCTACTACCCTCAACCAAGTTTCCTATCGTTGATAGGGGATGCCAGTTGGATATGGCCGTCCGGTTTGCCTTTCAGGTTGCCGGTCAGCTGAAATACATTCACGCTCTGGGGGCTGCTTTCCTCGAAAGGCTACTTTCGAGGGGAGGCGAGTTCCGATTTGGTAGGTGACCTTTGCCGGTTGCATGCCTTCGTTGCCCGCTAAGTTTCCCAGTAGTTGTTGTGCAGGACGCCTTTTGGCTTTCGACCTGAGGTCAGGCAAGAACACCCGCTGAACTTAAGCATATCAATAAGCGGAGGAAAAGAAACTAACTAGGATTCCCTTAGTAGCGGCGAGCGAACCA,AG34,
W17-T6-L1-A2,W17-T6-L1,W17-1,,,
W17-T6-L1-A3,W17-T6-L1,W17-1,,,
W17-T6-L1-A4,W17-T6-L1,W17-1,,,
W17-T7-L1-A1,W17-T7-L1,W17-2,TTGCAGATTCCGTGACCATCGAATCTTTGAACGCAAATTGCGCTCGAGGCTTCGGCCAAGAGCATGTCTGCCTCAGCGTCGGCTACTACCCTCAACCAAGTTTCCTATCGTTGATAGGGGATGCCAGTTGGATATGGCCGTCCGGTTTGCCTTTCAGGTTGCCGGTCAGCTGAAATACATTCACGCTCTGGGGGCTGCTTTCCTCGAAAGGCTACTTTCGAGGGGAGGCGAGTTCCGATTTGGTAGGTGACCTTTGCCGGTTGCATGCCTTCGTTGCCCGCTAAGTTTCCCAGTAGTTGTTGTGCAGGACGCCTTTTGGCTTTCGACCTGAGGTCAGGCAAGAACACCCGCTGAACTTAAGCATATCAATAAGCGGAGGAAAAGAAACTAACTAGGATTCCCTTAGTAGCGGCGAGCGAACCA,AG34,
W17-T7-L1-A2,W17-T7-L1,W17-2,ATTCCGTGAACCATCGAATCTTTGAACGCAAATTGCGCTCGAGGCTTCGGCCAAGAGCATGTCTGCCTCAGCGTCGGCTACTACCCTCAACCAAGTTTCCTATCGTTGATAGGGGATGCCAGTTGGATATGGCCGTCCGGTTTGCCTTTCAGGTTGCCGGTCAGCTGAAATACATTCACGCTCTGGGGGCTGCTTTCCTCGAAAGGCTACTTTCGAGGGGAGGCGAGTTCCGATTTGGTAGGTGACCTTTGCCGGTTGCATGCCTTCGTTGCCCGCTAAGTTTCCCAGTAATTGTTGTGCAGGACGCCTTTTGGCTTTCGACCTGAGGTCAGGCAAGAACACCCGCTGAACTTAAGCATATCAATAAGCGGAGGAAAAGAAACTAACTAGGATTCCCTTAGTAGCGGCGAGCGAACCAA,AG33,
W17-T7-L1-A3,W17-T7-L1,W17-2,AATTGCAGATTCCGTGAACCATCGAATCTTTGAACGCAAATTGCGCTCGAGGCTTCGGCCAAGAGCATGTCTGCCTCAGCGTCGGCTACTACCCTCAACCAAGTTTCCTATCGTTGATAGGGGATGCCAGTTGGATATGGCCGTCCGGTTTGCCTTTCAGGTTGCCGGTCAGCTGAAATACATTCACGCTCTGGGGGCTGCTTTCCTCGAAAGGCTACTTTCGAGGGGAGGCGAGTTCCGATTTGGTAGGTGACCTTTGCCGGTTGCATGCCTTCGTTGCCCGCTAAGTTTCCCAGTAGTTGTTGTGCAGGACGCCTTTTGGCTTTCGACCTGAGGTCAGGCAAGAACACCCGCTGAACTTAAGCATATCAATAAGCGGAGGAAAAGAAACTAACTAGGATTCCCTTAGTAGCGGCGAGCGAACCT,AG34,
W17-T7-L1-A4,W17-T7-L1,W17-2,ATTCCGTGAACCATCGAATCTTTGAACGCAAATTGCGCTCGAGGCTTCGGCCAAGAGCATGTCTGCCTCAGCGTCGGCTACTACCCTCAACCAAGTTTCCTATCGTTGATAGGGGATGCCAGTTGGATATGGCCGTCCGGTTTGCCTTTCAGGTTGCCGGTCAGCTGAAATACATTCACGCTCTGGGGGCTGCTTTCCTCGAAAGGCTACTTTCGAGGGGAGGCGAGTTCCGATTTGGTAGGTGACCTTTGCCGGTTGCATGCCTTCGTTGCCCGCTAAGTTTCCCAGTAGTTGTTGTGCAGGACGCCTTTTGGCTTTCGACCTGAGGTCAGGCAAGAACACCCGCTGAACTTAAGCATATCAATAAGCGGAGGAAAAGAAACTAACTAGGATTCCCTTAGTAGCGGCGAGCGAACC,AG34,
W17-T8-L1-A1,W17-T8-L1,W17-6,GGGNANtTNNAgAATTCCGTGAtCCATCGAATCTTTGAACGCAAATTGCGCTCGAGGCTTCGGCCAAAAaNTGCATGCCTCAGCGTCGGCTACTACCCTCAACTAAGTTTCCTATaaTTCATATGGGATGCCAGTTGGATCTGGCCGTCCGGTTTGCCTGTCAGGTTGCCGGTCAGCTGAAATACATTCACGCTCTGGGGGCTGCTTTCCTCATGAGGCTACTTTCGAGGGGAGGTGAGTTCCGACTTGGTAGGTGACCTTTGCCGGTTGCcTGCCTTCATTGCCCACTAAGCTTCCCAGTAATCATTGTGCAGGACGCCTTTTGGCTTTCGACCTGAGGTCAGGCCAGAACACCCGCTGAACTTAAGCATATCAATAAGCGGAGGAAAAGAAACTAACTAGGATTCCCTTAGTAGCGGCGAGCGAACCATTTT,AG8,
W17-T8-L1-A2,W17-T8-L1,W17-6,,,
W17-T8-L1-A3,W17-T8-L1,W17-6,GGGNANtTNNAgAATTCCGTGAtCCATCGAATCTTTGAACGCAAATTGCGCTCGAGGCTTCGGCCAAAAaNTGCATGCCTCAGCGTCGGCTACTACCCTCAACTAAGTTTCCTATaaTTCATATGGGATGCCAGTTGGATCTGGCCGTCCGGTTTGCCTGTCAGGTTGCCGGTCAGCTGAAATACATTCACGCTCTGGGGGCTGCTTTCCTCATGAGGCTACTTTCGAGGGGAGGTGAGTTCCGACTTGGTAGGTGACCTTTGCCGGTTGCcTGCCTTCATTGCCCACTAAGCTTCCCAGTAATCATTGTGCAGGACGCCTTTTGGCTTTCGACCTGAGGTCAGGCCAGAACACCCGCTGAACTTAAGCATATCAATAAGCGGAGGAAAAGAAACTAACTAGGATTCCCTTAGTAGCGGCGAGCGAACCATTTT,AG7,
W17-T8-L1-A4,W17-T8-L1,W17-6,,,
W17-T9-L1-A1,W17-T9-L1,W17-7,ATTGCAGATTCCGTGAACCATCGAATCTTTGAACGCAAATTGCGCTCGAGGCTTCGGCCAAGAGCATGTCTGCCTCAGCGTCGGCTACTACCCTCAACTAAGTTTCCTATCGTTGATAGGGGATGCCAGTTGGATATGGCCGTCCGGTTTGCCTTTCAGGTTGCCGGTCAGCTGAAATACATTCACGCTCTGGGGGCTGCTTTCCTCGAAAGGCTACTTTCGAGGGGAGGCGAGTTCCGATTTGGTAGGTGACCTTTGCCGGTTGCATGCCTTCGTTGCCCGCTAAGTTTTCCAGTAGTTGTTGTGCAGGACGCCTTTTGGCTTTCGACCTGAGGTCAGGCAAGAACACCCGCTGAACTTAAGCATATCAATAAGCGGAGGAAAAGAAACTAACTAGGATTCCCTTAGTAGCGGCGAGGACCA,AG27,
W17-T9-L1-A2,W17-T9-L1,W17-7,ATTGCAGATTCCGTGAACCATCGAATCTTTGAACGCAAATTGCGCTCGAGGCTTCGGCCAAGAGCATGTCTGCCTCAGCGTCGGCTACTACCCTCAACTAAGTTTCCTATCGTTGATAGGGGATGCCAGTTGGATATGGCCGTCCGGTTTGCCTTTCAGGTTGCCGGTCAGCTGAAATACATTCACGCTCTGGGGGCTGCTTTCCTCGAAAGGCTACTTTCGAGGGGAGGCGAGTTCCGATTTGGTAGGTGACCTTTGCCGGTTGCATGCCTTCGTTGCCCGCTAAGTTTTCCAGTAGTTGTTGTGCAGGACGCCTTTTGGCTTTCGACCTGAGGTCAGGCAAGAACACCCGCTGAACTTAAGCATATCAATAAGCGGAGGAAAAGAAACTAACTAGGATTCCCTTAGTAGCGGCGAAGCGAACCA,AG27,
W17-T9-L1-A3,W17-T9-L1,W17-7,GATGCAGATTCCGTGAACCATCGAATCTTTGAACGCAAATTGCGCTCGAGGCTTCGGCCAAGAGCATGTCTGCCTCAGCGTCGGCTACTACCCTCAACTAAGTTTCCTATCGTTGATAGGGGATGCCAGTTGGATATGGCCGTCCGGTTTGCCTTTCAGGTTGCCGGTCAGCTGAAATACATTCACGCTCTGGGGGCTGCTTTCCTCGAAAGGCTACTTTCGAGGGGAGGCGAGTTCCGATTTGGTAGGTGACCTTTGCCGGTTGCATGCCTTCGTTGCCCGCTAAGTTTTCCAGTAGTTGTTGTGCAGGACGCCTTTTGGCTTTCGACCTGAGGTCAGGCAAGAACACCCGCTGAACTTAAGCATATCAATAAGCGGAGGAAAAGAAACTAACTAGGATTCCCTTAGTAGCGCGAAGCGAACCA,AG27,
W17-T9-L1-A4,W17-T9-L1,W17-7,,,
